-- generated by @movp/codegen - do not edit by hand


create extension if not exists vector with schema extensions;
create extension if not exists pgcrypto with schema extensions;
create schema if not exists movp_internal;

create table if not exists public.movp_collections (
  name text primary key,
  label text not null,
  label_plural text not null,
  workspace_scoped boolean not null
);

create table if not exists public.movp_fields (
  collection_name text not null references public.movp_collections(name) on delete cascade,
  name text not null,
  type text not null,
  label text not null,
  cardinality text,
  reporting_role text,
  searchable boolean not null default false,
  embeddable boolean not null default false,
  primary key (collection_name, name)
);
grant select on public.movp_collections to authenticated;
grant select on public.movp_fields to authenticated;
grant select, insert, update, delete on public.movp_collections to service_role;
grant select, insert, update, delete on public.movp_fields to service_role;

create table if not exists movp_internal.movp_job_kind (
  kind text primary key
);
insert into movp_internal.movp_job_kind (kind)
values ('embed'), ('webhook'), ('notify')
on conflict (kind) do nothing;
alter table movp_internal.movp_job_kind enable row level security;
revoke all on movp_internal.movp_job_kind from anon, authenticated;
grant all on movp_internal.movp_job_kind to service_role;

create table if not exists movp_internal.movp_jobs (
  id uuid primary key default gen_random_uuid(),
  kind text not null references movp_internal.movp_job_kind(kind),
  idempotency_key text not null,
  payload jsonb not null default '{}',
  workspace_id uuid references public.workspace(id) on delete cascade,
  attempts int not null default 0,
  max_attempts int not null default 8,
  status text not null default 'pending' check (status in ('pending', 'running', 'done', 'failed', 'dead')),
  next_run_at timestamptz not null default now(),
  locked_by text,
  locked_at timestamptz,
  lease_expires_at timestamptz,
  last_error_code text,
  created_at timestamptz not null default now(),
  updated_at timestamptz not null default now(),
  unique (kind, idempotency_key)
);
alter table movp_internal.movp_jobs enable row level security;
create index if not exists movp_jobs_due on movp_internal.movp_jobs (status, next_run_at, lease_expires_at);
revoke all on movp_internal.movp_jobs from anon, authenticated;
grant all on movp_internal.movp_jobs to service_role;

create table if not exists public.search_chunk (
  id uuid primary key default gen_random_uuid(),
  workspace_id uuid not null references public.workspace(id) on delete cascade,
  source_table text not null,
  source_id uuid not null,
  field text not null,
  chunk_index int not null,
  content text not null,
  embedding extensions.vector(384) not null,
  content_hash text not null,
  created_at timestamptz not null default now(),
  unique (source_table, source_id, field, chunk_index)
);
alter table public.search_chunk enable row level security;
grant select on public.search_chunk to authenticated;
grant select, insert, update, delete on public.search_chunk to service_role;
create policy search_chunk_read on public.search_chunk
  for select to authenticated
  using (public.is_workspace_member(workspace_id));
create index if not exists search_chunk_hnsw on public.search_chunk using hnsw (embedding extensions.vector_cosine_ops);

create or replace function public.match_chunks(
  query_embedding extensions.vector(384),
  ws uuid,
  source_table_filter text default null,
  match_count int default 10
)
returns table(source_table text, source_id uuid, field text, chunk_index int, content text, distance float)
language plpgsql
set search_path = ''
as $$
begin
  perform set_config('hnsw.iterative_scan', 'strict_order', true);
  return query
  select c.source_table, c.source_id, c.field, c.chunk_index, c.content,
         c.embedding OPERATOR(extensions.<=>) query_embedding as distance
    from public.search_chunk c
   where c.workspace_id = ws
     and (source_table_filter is null or c.source_table = source_table_filter)
   order by c.embedding OPERATOR(extensions.<=>) query_embedding
   limit least(greatest(match_count, 1), 50);
end;
$$;
grant execute on function public.match_chunks(extensions.vector(384), uuid, text, int) to authenticated;

create table if not exists public.edges (
  workspace_id uuid not null references public.workspace(id) on delete cascade,
  src_type text not null,
  src_id uuid not null,
  rel text not null,
  dst_type text not null,
  dst_id uuid not null,
  created_at timestamptz not null default now(),
  unique (workspace_id, src_type, src_id, rel, dst_type, dst_id)
);
alter table public.edges enable row level security;
grant select, insert, update, delete on public.edges to authenticated;
grant select, insert, update, delete on public.edges to service_role;
create policy edges_rw on public.edges for all to authenticated
  using (public.is_workspace_member(workspace_id))
  with check (public.is_workspace_member(workspace_id));
create index if not exists edges_src_idx on public.edges (src_type, src_id);
create index if not exists edges_dst_idx on public.edges (dst_type, dst_id);


create table if not exists public.event_type (
  id uuid primary key default gen_random_uuid(),
  key text not null,
  domain text not null check (domain in ('collaboration', 'task', 'cms', 'campaign', 'segmentation', 'lifecycle', 'workflow')),
  label text not null,
  payload_schema jsonb not null,
  schema_version numeric not null default 1,
  active boolean not null default true,
  description text,
  search_vector tsvector,
  created_at timestamptz not null default now(),
  updated_at timestamptz not null default now()
);

alter table public.event_type enable row level security;
grant select on public.event_type to authenticated;
grant select, insert, update, delete on public.event_type to service_role;
create policy event_type_read on public.event_type for select to authenticated using (true);

create or replace function public.event_type_search_vector_update()
returns trigger
language plpgsql
as $$
begin
  new.search_vector := to_tsvector('english', coalesce(new.description, ''));
  return new;
end;
$$;

create trigger event_type_search_vector_tg
  before insert or update on public.event_type
  for each row execute function public.event_type_search_vector_update();

create index event_type_search_idx on public.event_type using gin (search_vector);


create or replace function public.event_type_delete_chunks()
returns trigger
language plpgsql
security definer
set search_path = ''
as $$
begin
  delete from public.search_chunk where source_table = 'event_type' and source_id = old.id;
  return old;
end;
$$;
revoke all on function public.event_type_delete_chunks() from public, anon, authenticated;

create trigger event_type_delete_chunks_tg
  after delete on public.event_type
  for each row execute function public.event_type_delete_chunks();

insert into public.movp_collections (name, label, label_plural, workspace_scoped)
values ('event_type', 'Event Type', 'Event Types', false)
on conflict (name) do update set label = excluded.label, label_plural = excluded.label_plural, workspace_scoped = excluded.workspace_scoped;

insert into public.movp_fields (collection_name, name, type, label, cardinality, reporting_role, searchable, embeddable)
values
  ('event_type', 'key', 'text', 'Key', null, 'dimension', false, false),
  ('event_type', 'domain', 'enum', 'Domain', null, 'dimension', false, false),
  ('event_type', 'label', 'text', 'Label', null, null, false, false),
  ('event_type', 'payload_schema', 'json', 'Payload Schema', null, null, false, false),
  ('event_type', 'schema_version', 'number', 'Schema Version', null, null, false, false),
  ('event_type', 'active', 'boolean', 'Active', null, null, false, false),
  ('event_type', 'description', 'text', 'Description', null, null, true, false)
on conflict (collection_name, name) do update set
  type = excluded.type,
  label = excluded.label,
  cardinality = excluded.cardinality,
  reporting_role = excluded.reporting_role,
  searchable = excluded.searchable,
  embeddable = excluded.embeddable;


create table if not exists public.note (
  id uuid primary key default gen_random_uuid(),
  workspace_id uuid not null references public.workspace(id) on delete cascade,
  title text not null,
  body text,
  status text not null default 'draft' check (status in ('draft', 'published', 'archived')),
  search_vector tsvector,
  created_at timestamptz not null default now(),
  updated_at timestamptz not null default now()
);

alter table public.note enable row level security;
grant select, insert, update, delete on public.note to authenticated;
grant select, insert, update, delete on public.note to service_role;
create policy note_rw on public.note for all to authenticated
  using (public.is_workspace_member(workspace_id))
  with check (public.is_workspace_member(workspace_id));

create or replace function public.note_search_vector_update()
returns trigger
language plpgsql
as $$
begin
  new.search_vector := to_tsvector('english', coalesce(new.title, '') || ' ' || coalesce(new.body, ''));
  return new;
end;
$$;

create trigger note_search_vector_tg
  before insert or update on public.note
  for each row execute function public.note_search_vector_update();

create index note_search_idx on public.note using gin (search_vector);

create or replace function public.note_body_enqueue_embed()
returns trigger
language plpgsql
security definer
set search_path = ''
as $$
declare
  v_hash text;
begin
  v_hash := encode(extensions.digest(coalesce(new.body, ''), 'sha256'), 'hex');
  if tg_op = 'UPDATE' and v_hash = encode(extensions.digest(coalesce(old.body, ''), 'sha256'), 'hex') then
    return new;
  end if;

  insert into movp_internal.movp_jobs (kind, idempotency_key, payload, workspace_id)
  values (
    'embed',
    'note' || ':' || new.id::text || ':body:' || v_hash,
    jsonb_build_object('source_table', 'note', 'source_id', new.id, 'field', 'body', 'content_hash', v_hash),
    new.workspace_id
  )
  on conflict (kind, idempotency_key) do nothing;
  return new;
end;
$$;
revoke all on function public.note_body_enqueue_embed() from public, anon, authenticated;

create trigger note_body_enqueue_embed_tg
  after insert or update on public.note
  for each row execute function public.note_body_enqueue_embed();

create or replace function public.note_delete_chunks()
returns trigger
language plpgsql
security definer
set search_path = ''
as $$
begin
  delete from public.search_chunk where source_table = 'note' and source_id = old.id;
  return old;
end;
$$;
revoke all on function public.note_delete_chunks() from public, anon, authenticated;

create trigger note_delete_chunks_tg
  after delete on public.note
  for each row execute function public.note_delete_chunks();

insert into public.movp_collections (name, label, label_plural, workspace_scoped)
values ('note', 'Note', 'Notes', true)
on conflict (name) do update set label = excluded.label, label_plural = excluded.label_plural, workspace_scoped = excluded.workspace_scoped;

insert into public.movp_fields (collection_name, name, type, label, cardinality, reporting_role, searchable, embeddable)
values
  ('note', 'title', 'text', 'Title', null, null, true, false),
  ('note', 'body', 'richText', 'Body', null, null, true, true),
  ('note', 'status', 'enum', 'Status', null, 'dimension', false, false),
  ('note', 'tags', 'relation', 'Tags', 'many-to-many', null, false, false)
on conflict (collection_name, name) do update set
  type = excluded.type,
  label = excluded.label,
  cardinality = excluded.cardinality,
  reporting_role = excluded.reporting_role,
  searchable = excluded.searchable,
  embeddable = excluded.embeddable;


create table if not exists public.tag (
  id uuid primary key default gen_random_uuid(),
  workspace_id uuid not null references public.workspace(id) on delete cascade,
  name text not null,
  search_vector tsvector,
  created_at timestamptz not null default now(),
  updated_at timestamptz not null default now()
);

alter table public.tag enable row level security;
grant select, insert, update, delete on public.tag to authenticated;
grant select, insert, update, delete on public.tag to service_role;
create policy tag_rw on public.tag for all to authenticated
  using (public.is_workspace_member(workspace_id))
  with check (public.is_workspace_member(workspace_id));

create or replace function public.tag_search_vector_update()
returns trigger
language plpgsql
as $$
begin
  new.search_vector := to_tsvector('english', coalesce(new.name, ''));
  return new;
end;
$$;

create trigger tag_search_vector_tg
  before insert or update on public.tag
  for each row execute function public.tag_search_vector_update();

create index tag_search_idx on public.tag using gin (search_vector);


create or replace function public.tag_delete_chunks()
returns trigger
language plpgsql
security definer
set search_path = ''
as $$
begin
  delete from public.search_chunk where source_table = 'tag' and source_id = old.id;
  return old;
end;
$$;
revoke all on function public.tag_delete_chunks() from public, anon, authenticated;

create trigger tag_delete_chunks_tg
  after delete on public.tag
  for each row execute function public.tag_delete_chunks();

insert into public.movp_collections (name, label, label_plural, workspace_scoped)
values ('tag', 'Tag', 'Tags', true)
on conflict (name) do update set label = excluded.label, label_plural = excluded.label_plural, workspace_scoped = excluded.workspace_scoped;

insert into public.movp_fields (collection_name, name, type, label, cardinality, reporting_role, searchable, embeddable)
values
  ('tag', 'name', 'text', 'Name', null, null, true, false)
on conflict (collection_name, name) do update set
  type = excluded.type,
  label = excluded.label,
  cardinality = excluded.cardinality,
  reporting_role = excluded.reporting_role,
  searchable = excluded.searchable,
  embeddable = excluded.embeddable;


create table if not exists public.comment (
  id uuid primary key default gen_random_uuid(),
  workspace_id uuid not null references public.workspace(id) on delete cascade,
  entity_type text not null,
  entity_id uuid not null,
  body text not null,
  author_id uuid not null,
  parent_id uuid references public.comment(id) on delete set null,
  search_vector tsvector,
  created_at timestamptz not null default now(),
  updated_at timestamptz not null default now()
);

alter table public.comment enable row level security;
grant select, insert, update, delete on public.comment to authenticated;
grant select, insert, update, delete on public.comment to service_role;
create policy comment_rw on public.comment for all to authenticated
  using (public.is_workspace_member(workspace_id))
  with check (public.is_workspace_member(workspace_id));

create or replace function public.comment_search_vector_update()
returns trigger
language plpgsql
as $$
begin
  new.search_vector := to_tsvector('english', coalesce(new.body, ''));
  return new;
end;
$$;

create trigger comment_search_vector_tg
  before insert or update on public.comment
  for each row execute function public.comment_search_vector_update();

create index comment_search_idx on public.comment using gin (search_vector);


create or replace function public.comment_delete_chunks()
returns trigger
language plpgsql
security definer
set search_path = ''
as $$
begin
  delete from public.search_chunk where source_table = 'comment' and source_id = old.id;
  return old;
end;
$$;
revoke all on function public.comment_delete_chunks() from public, anon, authenticated;

create trigger comment_delete_chunks_tg
  after delete on public.comment
  for each row execute function public.comment_delete_chunks();

insert into public.movp_collections (name, label, label_plural, workspace_scoped)
values ('comment', 'Comment', 'Comments', true)
on conflict (name) do update set label = excluded.label, label_plural = excluded.label_plural, workspace_scoped = excluded.workspace_scoped;

insert into public.movp_fields (collection_name, name, type, label, cardinality, reporting_role, searchable, embeddable)
values
  ('comment', 'entity_type', 'text', 'Entity Type', null, null, false, false),
  ('comment', 'entity_id', 'uuid', 'Entity', null, null, false, false),
  ('comment', 'body', 'richText', 'Body', null, null, true, false),
  ('comment', 'author_id', 'uuid', 'Author', null, null, false, false),
  ('comment', 'parent', 'relation', 'Parent Comment', 'many-to-one', null, false, false)
on conflict (collection_name, name) do update set
  type = excluded.type,
  label = excluded.label,
  cardinality = excluded.cardinality,
  reporting_role = excluded.reporting_role,
  searchable = excluded.searchable,
  embeddable = excluded.embeddable;


create table if not exists public.reaction (
  id uuid primary key default gen_random_uuid(),
  workspace_id uuid not null references public.workspace(id) on delete cascade,
  entity_type text not null,
  entity_id uuid not null,
  user_id uuid not null,
  kind text not null check (kind in ('like', 'dislike')),
  created_at timestamptz not null default now(),
  updated_at timestamptz not null default now()
);

alter table public.reaction enable row level security;
grant select, insert, update, delete on public.reaction to authenticated;
grant select, insert, update, delete on public.reaction to service_role;
create policy reaction_rw on public.reaction for all to authenticated
  using (public.is_workspace_member(workspace_id))
  with check (public.is_workspace_member(workspace_id));



create or replace function public.reaction_delete_chunks()
returns trigger
language plpgsql
security definer
set search_path = ''
as $$
begin
  delete from public.search_chunk where source_table = 'reaction' and source_id = old.id;
  return old;
end;
$$;
revoke all on function public.reaction_delete_chunks() from public, anon, authenticated;

create trigger reaction_delete_chunks_tg
  after delete on public.reaction
  for each row execute function public.reaction_delete_chunks();

insert into public.movp_collections (name, label, label_plural, workspace_scoped)
values ('reaction', 'Reaction', 'Reactions', true)
on conflict (name) do update set label = excluded.label, label_plural = excluded.label_plural, workspace_scoped = excluded.workspace_scoped;

insert into public.movp_fields (collection_name, name, type, label, cardinality, reporting_role, searchable, embeddable)
values
  ('reaction', 'entity_type', 'text', 'Entity Type', null, null, false, false),
  ('reaction', 'entity_id', 'uuid', 'Entity', null, null, false, false),
  ('reaction', 'user_id', 'uuid', 'User', null, null, false, false),
  ('reaction', 'kind', 'enum', 'Kind', null, 'dimension', false, false)
on conflict (collection_name, name) do update set
  type = excluded.type,
  label = excluded.label,
  cardinality = excluded.cardinality,
  reporting_role = excluded.reporting_role,
  searchable = excluded.searchable,
  embeddable = excluded.embeddable;


create table if not exists public.saved_item (
  id uuid primary key default gen_random_uuid(),
  workspace_id uuid not null references public.workspace(id) on delete cascade,
  entity_type text not null,
  entity_id uuid not null,
  user_id uuid not null,
  created_at timestamptz not null default now(),
  updated_at timestamptz not null default now()
);

alter table public.saved_item enable row level security;
grant select, insert, update, delete on public.saved_item to authenticated;
grant select, insert, update, delete on public.saved_item to service_role;
create policy saved_item_rw on public.saved_item for all to authenticated
  using (public.is_workspace_member(workspace_id))
  with check (public.is_workspace_member(workspace_id));



create or replace function public.saved_item_delete_chunks()
returns trigger
language plpgsql
security definer
set search_path = ''
as $$
begin
  delete from public.search_chunk where source_table = 'saved_item' and source_id = old.id;
  return old;
end;
$$;
revoke all on function public.saved_item_delete_chunks() from public, anon, authenticated;

create trigger saved_item_delete_chunks_tg
  after delete on public.saved_item
  for each row execute function public.saved_item_delete_chunks();

insert into public.movp_collections (name, label, label_plural, workspace_scoped)
values ('saved_item', 'Saved Item', 'Saved Items', true)
on conflict (name) do update set label = excluded.label, label_plural = excluded.label_plural, workspace_scoped = excluded.workspace_scoped;

insert into public.movp_fields (collection_name, name, type, label, cardinality, reporting_role, searchable, embeddable)
values
  ('saved_item', 'entity_type', 'text', 'Entity Type', null, null, false, false),
  ('saved_item', 'entity_id', 'uuid', 'Entity', null, null, false, false),
  ('saved_item', 'user_id', 'uuid', 'User', null, null, false, false)
on conflict (collection_name, name) do update set
  type = excluded.type,
  label = excluded.label,
  cardinality = excluded.cardinality,
  reporting_role = excluded.reporting_role,
  searchable = excluded.searchable,
  embeddable = excluded.embeddable;


create table if not exists public.mention (
  id uuid primary key default gen_random_uuid(),
  workspace_id uuid not null references public.workspace(id) on delete cascade,
  mentioned_user_id uuid not null,
  entity_type text not null,
  entity_id uuid not null,
  comment_id uuid not null references public.comment(id) on delete cascade,
  created_at timestamptz not null default now(),
  updated_at timestamptz not null default now()
);

alter table public.mention enable row level security;
grant select, insert, update, delete on public.mention to authenticated;
grant select, insert, update, delete on public.mention to service_role;
create policy mention_rw on public.mention for all to authenticated
  using (public.is_workspace_member(workspace_id))
  with check (public.is_workspace_member(workspace_id));



create or replace function public.mention_delete_chunks()
returns trigger
language plpgsql
security definer
set search_path = ''
as $$
begin
  delete from public.search_chunk where source_table = 'mention' and source_id = old.id;
  return old;
end;
$$;
revoke all on function public.mention_delete_chunks() from public, anon, authenticated;

create trigger mention_delete_chunks_tg
  after delete on public.mention
  for each row execute function public.mention_delete_chunks();

insert into public.movp_collections (name, label, label_plural, workspace_scoped)
values ('mention', 'Mention', 'Mentions', true)
on conflict (name) do update set label = excluded.label, label_plural = excluded.label_plural, workspace_scoped = excluded.workspace_scoped;

insert into public.movp_fields (collection_name, name, type, label, cardinality, reporting_role, searchable, embeddable)
values
  ('mention', 'comment', 'relation', 'Comment', 'many-to-one', null, false, false),
  ('mention', 'mentioned_user_id', 'uuid', 'Mentioned User', null, null, false, false),
  ('mention', 'entity_type', 'text', 'Entity Type', null, null, false, false),
  ('mention', 'entity_id', 'uuid', 'Entity', null, null, false, false)
on conflict (collection_name, name) do update set
  type = excluded.type,
  label = excluded.label,
  cardinality = excluded.cardinality,
  reporting_role = excluded.reporting_role,
  searchable = excluded.searchable,
  embeddable = excluded.embeddable;


create table if not exists public.share_link (
  id uuid primary key default gen_random_uuid(),
  workspace_id uuid not null references public.workspace(id) on delete cascade,
  entity_type text not null,
  entity_id uuid not null,
  token_hash text not null,
  scope text not null default 'view' check (scope in ('view')),
  created_by uuid not null,
  expires_at timestamptz,
  created_at timestamptz not null default now(),
  updated_at timestamptz not null default now()
);

alter table public.share_link enable row level security;
grant select, insert, update, delete on public.share_link to authenticated;
grant select, insert, update, delete on public.share_link to service_role;
create policy share_link_rw on public.share_link for all to authenticated
  using (public.is_workspace_member(workspace_id))
  with check (public.is_workspace_member(workspace_id));



create or replace function public.share_link_delete_chunks()
returns trigger
language plpgsql
security definer
set search_path = ''
as $$
begin
  delete from public.search_chunk where source_table = 'share_link' and source_id = old.id;
  return old;
end;
$$;
revoke all on function public.share_link_delete_chunks() from public, anon, authenticated;

create trigger share_link_delete_chunks_tg
  after delete on public.share_link
  for each row execute function public.share_link_delete_chunks();

insert into public.movp_collections (name, label, label_plural, workspace_scoped)
values ('share_link', 'Share Link', 'Share Links', true)
on conflict (name) do update set label = excluded.label, label_plural = excluded.label_plural, workspace_scoped = excluded.workspace_scoped;

insert into public.movp_fields (collection_name, name, type, label, cardinality, reporting_role, searchable, embeddable)
values
  ('share_link', 'entity_type', 'text', 'Entity Type', null, null, false, false),
  ('share_link', 'entity_id', 'uuid', 'Entity', null, null, false, false),
  ('share_link', 'token_hash', 'text', 'Token Hash', null, null, false, false),
  ('share_link', 'scope', 'enum', 'Scope', null, null, false, false),
  ('share_link', 'created_by', 'uuid', 'Created By', null, null, false, false),
  ('share_link', 'expires_at', 'datetime', 'Expires At', null, null, false, false)
on conflict (collection_name, name) do update set
  type = excluded.type,
  label = excluded.label,
  cardinality = excluded.cardinality,
  reporting_role = excluded.reporting_role,
  searchable = excluded.searchable,
  embeddable = excluded.embeddable;


create table if not exists public.task_status_option (
  id uuid primary key default gen_random_uuid(),
  workspace_id uuid not null references public.workspace(id) on delete cascade,
  label text not null,
  category text not null check (category in ('backlog', 'active', 'blocked', 'done')),
  color text,
  sort_order numeric,
  is_default boolean,
  is_active boolean,
  created_at timestamptz not null default now(),
  updated_at timestamptz not null default now()
);

alter table public.task_status_option enable row level security;
grant select, insert, update, delete on public.task_status_option to authenticated;
grant select, insert, update, delete on public.task_status_option to service_role;
create policy task_status_option_rw on public.task_status_option for all to authenticated
  using (public.is_workspace_member(workspace_id))
  with check (public.is_workspace_member(workspace_id));



create or replace function public.task_status_option_delete_chunks()
returns trigger
language plpgsql
security definer
set search_path = ''
as $$
begin
  delete from public.search_chunk where source_table = 'task_status_option' and source_id = old.id;
  return old;
end;
$$;
revoke all on function public.task_status_option_delete_chunks() from public, anon, authenticated;

create trigger task_status_option_delete_chunks_tg
  after delete on public.task_status_option
  for each row execute function public.task_status_option_delete_chunks();

insert into public.movp_collections (name, label, label_plural, workspace_scoped)
values ('task_status_option', 'Task Status Option', 'Task Status Options', true)
on conflict (name) do update set label = excluded.label, label_plural = excluded.label_plural, workspace_scoped = excluded.workspace_scoped;

insert into public.movp_fields (collection_name, name, type, label, cardinality, reporting_role, searchable, embeddable)
values
  ('task_status_option', 'label', 'text', 'Label', null, null, false, false),
  ('task_status_option', 'category', 'enum', 'Category', null, 'dimension', false, false),
  ('task_status_option', 'color', 'text', 'Color', null, null, false, false),
  ('task_status_option', 'sort_order', 'number', 'Sort Order', null, null, false, false),
  ('task_status_option', 'is_default', 'boolean', 'Is Default', null, null, false, false),
  ('task_status_option', 'is_active', 'boolean', 'Is Active', null, null, false, false)
on conflict (collection_name, name) do update set
  type = excluded.type,
  label = excluded.label,
  cardinality = excluded.cardinality,
  reporting_role = excluded.reporting_role,
  searchable = excluded.searchable,
  embeddable = excluded.embeddable;


create table if not exists public.task_priority_option (
  id uuid primary key default gen_random_uuid(),
  workspace_id uuid not null references public.workspace(id) on delete cascade,
  label text not null,
  rank numeric not null,
  color text,
  is_default boolean,
  is_active boolean,
  created_at timestamptz not null default now(),
  updated_at timestamptz not null default now()
);

alter table public.task_priority_option enable row level security;
grant select, insert, update, delete on public.task_priority_option to authenticated;
grant select, insert, update, delete on public.task_priority_option to service_role;
create policy task_priority_option_rw on public.task_priority_option for all to authenticated
  using (public.is_workspace_member(workspace_id))
  with check (public.is_workspace_member(workspace_id));



create or replace function public.task_priority_option_delete_chunks()
returns trigger
language plpgsql
security definer
set search_path = ''
as $$
begin
  delete from public.search_chunk where source_table = 'task_priority_option' and source_id = old.id;
  return old;
end;
$$;
revoke all on function public.task_priority_option_delete_chunks() from public, anon, authenticated;

create trigger task_priority_option_delete_chunks_tg
  after delete on public.task_priority_option
  for each row execute function public.task_priority_option_delete_chunks();

insert into public.movp_collections (name, label, label_plural, workspace_scoped)
values ('task_priority_option', 'Task Priority Option', 'Task Priority Options', true)
on conflict (name) do update set label = excluded.label, label_plural = excluded.label_plural, workspace_scoped = excluded.workspace_scoped;

insert into public.movp_fields (collection_name, name, type, label, cardinality, reporting_role, searchable, embeddable)
values
  ('task_priority_option', 'label', 'text', 'Label', null, null, false, false),
  ('task_priority_option', 'rank', 'number', 'Rank', null, null, false, false),
  ('task_priority_option', 'color', 'text', 'Color', null, null, false, false),
  ('task_priority_option', 'is_default', 'boolean', 'Is Default', null, null, false, false),
  ('task_priority_option', 'is_active', 'boolean', 'Is Active', null, null, false, false)
on conflict (collection_name, name) do update set
  type = excluded.type,
  label = excluded.label,
  cardinality = excluded.cardinality,
  reporting_role = excluded.reporting_role,
  searchable = excluded.searchable,
  embeddable = excluded.embeddable;


create table if not exists public.task (
  id uuid primary key default gen_random_uuid(),
  workspace_id uuid not null references public.workspace(id) on delete cascade,
  title text not null,
  start_date date,
  due_date date,
  current_revision_id uuid,
  dependency_blocked boolean,
  completed_at timestamptz,
  due_soon_notified_at timestamptz,
  status_id uuid not null references public.task_status_option(id) on delete cascade,
  priority_id uuid not null references public.task_priority_option(id) on delete cascade,
  parent_id uuid references public.task(id) on delete set null,
  search_vector tsvector,
  created_at timestamptz not null default now(),
  updated_at timestamptz not null default now()
);

alter table public.task enable row level security;
grant select, insert, update, delete on public.task to authenticated;
grant select, insert, update, delete on public.task to service_role;
create policy task_rw on public.task for all to authenticated
  using (public.is_workspace_member(workspace_id))
  with check (public.is_workspace_member(workspace_id));

create or replace function public.task_search_vector_update()
returns trigger
language plpgsql
as $$
begin
  new.search_vector := to_tsvector('english', coalesce(new.title, ''));
  return new;
end;
$$;

create trigger task_search_vector_tg
  before insert or update on public.task
  for each row execute function public.task_search_vector_update();

create index task_search_idx on public.task using gin (search_vector);


create or replace function public.task_delete_chunks()
returns trigger
language plpgsql
security definer
set search_path = ''
as $$
begin
  delete from public.search_chunk where source_table = 'task' and source_id = old.id;
  return old;
end;
$$;
revoke all on function public.task_delete_chunks() from public, anon, authenticated;

create trigger task_delete_chunks_tg
  after delete on public.task
  for each row execute function public.task_delete_chunks();

insert into public.movp_collections (name, label, label_plural, workspace_scoped)
values ('task', 'Task', 'Tasks', true)
on conflict (name) do update set label = excluded.label, label_plural = excluded.label_plural, workspace_scoped = excluded.workspace_scoped;

insert into public.movp_fields (collection_name, name, type, label, cardinality, reporting_role, searchable, embeddable)
values
  ('task', 'title', 'text', 'Title', null, null, true, false),
  ('task', 'status', 'relation', 'Status', 'many-to-one', null, false, false),
  ('task', 'priority', 'relation', 'Priority', 'many-to-one', null, false, false),
  ('task', 'parent', 'relation', 'Parent Task', 'many-to-one', null, false, false),
  ('task', 'start_date', 'date', 'Start Date', null, null, false, false),
  ('task', 'due_date', 'date', 'Due Date', null, null, false, false),
  ('task', 'current_revision_id', 'uuid', 'Current Revision', null, null, false, false),
  ('task', 'dependency_blocked', 'boolean', 'Dependency Blocked', null, null, false, false),
  ('task', 'completed_at', 'datetime', 'Completed At', null, null, false, false),
  ('task', 'due_soon_notified_at', 'datetime', 'Due Soon Notified At', null, null, false, false)
on conflict (collection_name, name) do update set
  type = excluded.type,
  label = excluded.label,
  cardinality = excluded.cardinality,
  reporting_role = excluded.reporting_role,
  searchable = excluded.searchable,
  embeddable = excluded.embeddable;


create table if not exists public.task_revision (
  id uuid primary key default gen_random_uuid(),
  workspace_id uuid not null references public.workspace(id) on delete cascade,
  body text not null,
  content_hash text not null,
  author_id uuid not null,
  task_id uuid not null references public.task(id) on delete cascade,
  search_vector tsvector,
  created_at timestamptz not null default now(),
  updated_at timestamptz not null default now()
);

alter table public.task_revision enable row level security;
grant select, insert, update, delete on public.task_revision to authenticated;
grant select, insert, update, delete on public.task_revision to service_role;
create policy task_revision_rw on public.task_revision for all to authenticated
  using (public.is_workspace_member(workspace_id))
  with check (public.is_workspace_member(workspace_id));

create or replace function public.task_revision_search_vector_update()
returns trigger
language plpgsql
as $$
begin
  new.search_vector := to_tsvector('english', coalesce(new.body, ''));
  return new;
end;
$$;

create trigger task_revision_search_vector_tg
  before insert or update on public.task_revision
  for each row execute function public.task_revision_search_vector_update();

create index task_revision_search_idx on public.task_revision using gin (search_vector);

create or replace function public.task_revision_body_enqueue_embed()
returns trigger
language plpgsql
security definer
set search_path = ''
as $$
declare
  v_hash text;
begin
  v_hash := encode(extensions.digest(coalesce(new.body, ''), 'sha256'), 'hex');
  if tg_op = 'UPDATE' and v_hash = encode(extensions.digest(coalesce(old.body, ''), 'sha256'), 'hex') then
    return new;
  end if;

  insert into movp_internal.movp_jobs (kind, idempotency_key, payload, workspace_id)
  values (
    'embed',
    'task_revision' || ':' || new.id::text || ':body:' || v_hash,
    jsonb_build_object('source_table', 'task_revision', 'source_id', new.id, 'field', 'body', 'content_hash', v_hash),
    new.workspace_id
  )
  on conflict (kind, idempotency_key) do nothing;
  return new;
end;
$$;
revoke all on function public.task_revision_body_enqueue_embed() from public, anon, authenticated;

create trigger task_revision_body_enqueue_embed_tg
  after insert or update on public.task_revision
  for each row execute function public.task_revision_body_enqueue_embed();

create or replace function public.task_revision_delete_chunks()
returns trigger
language plpgsql
security definer
set search_path = ''
as $$
begin
  delete from public.search_chunk where source_table = 'task_revision' and source_id = old.id;
  return old;
end;
$$;
revoke all on function public.task_revision_delete_chunks() from public, anon, authenticated;

create trigger task_revision_delete_chunks_tg
  after delete on public.task_revision
  for each row execute function public.task_revision_delete_chunks();

insert into public.movp_collections (name, label, label_plural, workspace_scoped)
values ('task_revision', 'Task Revision', 'Task Revisions', true)
on conflict (name) do update set label = excluded.label, label_plural = excluded.label_plural, workspace_scoped = excluded.workspace_scoped;

insert into public.movp_fields (collection_name, name, type, label, cardinality, reporting_role, searchable, embeddable)
values
  ('task_revision', 'task', 'relation', 'Task', 'many-to-one', null, false, false),
  ('task_revision', 'body', 'richText', 'Body', null, null, true, true),
  ('task_revision', 'content_hash', 'text', 'Content Hash', null, null, false, false),
  ('task_revision', 'author_id', 'uuid', 'Author', null, null, false, false)
on conflict (collection_name, name) do update set
  type = excluded.type,
  label = excluded.label,
  cardinality = excluded.cardinality,
  reporting_role = excluded.reporting_role,
  searchable = excluded.searchable,
  embeddable = excluded.embeddable;


create table if not exists public.task_assignment (
  id uuid primary key default gen_random_uuid(),
  workspace_id uuid not null references public.workspace(id) on delete cascade,
  assignee_user_id uuid not null,
  role text not null default 'owner' check (role in ('owner')),
  task_id uuid not null references public.task(id) on delete cascade,
  created_at timestamptz not null default now(),
  updated_at timestamptz not null default now()
);

alter table public.task_assignment enable row level security;
grant select, insert, update, delete on public.task_assignment to authenticated;
grant select, insert, update, delete on public.task_assignment to service_role;
create policy task_assignment_rw on public.task_assignment for all to authenticated
  using (public.is_workspace_member(workspace_id))
  with check (public.is_workspace_member(workspace_id));



create or replace function public.task_assignment_delete_chunks()
returns trigger
language plpgsql
security definer
set search_path = ''
as $$
begin
  delete from public.search_chunk where source_table = 'task_assignment' and source_id = old.id;
  return old;
end;
$$;
revoke all on function public.task_assignment_delete_chunks() from public, anon, authenticated;

create trigger task_assignment_delete_chunks_tg
  after delete on public.task_assignment
  for each row execute function public.task_assignment_delete_chunks();

insert into public.movp_collections (name, label, label_plural, workspace_scoped)
values ('task_assignment', 'Task Assignment', 'Task Assignments', true)
on conflict (name) do update set label = excluded.label, label_plural = excluded.label_plural, workspace_scoped = excluded.workspace_scoped;

insert into public.movp_fields (collection_name, name, type, label, cardinality, reporting_role, searchable, embeddable)
values
  ('task_assignment', 'task', 'relation', 'Task', 'many-to-one', null, false, false),
  ('task_assignment', 'assignee_user_id', 'uuid', 'Assignee', null, null, false, false),
  ('task_assignment', 'role', 'enum', 'Role', null, null, false, false)
on conflict (collection_name, name) do update set
  type = excluded.type,
  label = excluded.label,
  cardinality = excluded.cardinality,
  reporting_role = excluded.reporting_role,
  searchable = excluded.searchable,
  embeddable = excluded.embeddable;


create table if not exists public.task_observer (
  id uuid primary key default gen_random_uuid(),
  workspace_id uuid not null references public.workspace(id) on delete cascade,
  observer_user_id uuid not null,
  task_id uuid not null references public.task(id) on delete cascade,
  created_at timestamptz not null default now(),
  updated_at timestamptz not null default now()
);

alter table public.task_observer enable row level security;
grant select, insert, update, delete on public.task_observer to authenticated;
grant select, insert, update, delete on public.task_observer to service_role;
create policy task_observer_rw on public.task_observer for all to authenticated
  using (public.is_workspace_member(workspace_id))
  with check (public.is_workspace_member(workspace_id));



create or replace function public.task_observer_delete_chunks()
returns trigger
language plpgsql
security definer
set search_path = ''
as $$
begin
  delete from public.search_chunk where source_table = 'task_observer' and source_id = old.id;
  return old;
end;
$$;
revoke all on function public.task_observer_delete_chunks() from public, anon, authenticated;

create trigger task_observer_delete_chunks_tg
  after delete on public.task_observer
  for each row execute function public.task_observer_delete_chunks();

insert into public.movp_collections (name, label, label_plural, workspace_scoped)
values ('task_observer', 'Task Observer', 'Task Observers', true)
on conflict (name) do update set label = excluded.label, label_plural = excluded.label_plural, workspace_scoped = excluded.workspace_scoped;

insert into public.movp_fields (collection_name, name, type, label, cardinality, reporting_role, searchable, embeddable)
values
  ('task_observer', 'task', 'relation', 'Task', 'many-to-one', null, false, false),
  ('task_observer', 'observer_user_id', 'uuid', 'Observer', null, null, false, false)
on conflict (collection_name, name) do update set
  type = excluded.type,
  label = excluded.label,
  cardinality = excluded.cardinality,
  reporting_role = excluded.reporting_role,
  searchable = excluded.searchable,
  embeddable = excluded.embeddable;


create table if not exists public.task_dependency (
  id uuid primary key default gen_random_uuid(),
  workspace_id uuid not null references public.workspace(id) on delete cascade,
  task_id uuid not null references public.task(id) on delete cascade,
  blocker_id uuid not null references public.task(id) on delete cascade,
  created_at timestamptz not null default now(),
  updated_at timestamptz not null default now()
);

alter table public.task_dependency enable row level security;
grant select, insert, update, delete on public.task_dependency to authenticated;
grant select, insert, update, delete on public.task_dependency to service_role;
create policy task_dependency_rw on public.task_dependency for all to authenticated
  using (public.is_workspace_member(workspace_id))
  with check (public.is_workspace_member(workspace_id));



create or replace function public.task_dependency_delete_chunks()
returns trigger
language plpgsql
security definer
set search_path = ''
as $$
begin
  delete from public.search_chunk where source_table = 'task_dependency' and source_id = old.id;
  return old;
end;
$$;
revoke all on function public.task_dependency_delete_chunks() from public, anon, authenticated;

create trigger task_dependency_delete_chunks_tg
  after delete on public.task_dependency
  for each row execute function public.task_dependency_delete_chunks();

insert into public.movp_collections (name, label, label_plural, workspace_scoped)
values ('task_dependency', 'Task Dependency', 'Task Dependencies', true)
on conflict (name) do update set label = excluded.label, label_plural = excluded.label_plural, workspace_scoped = excluded.workspace_scoped;

insert into public.movp_fields (collection_name, name, type, label, cardinality, reporting_role, searchable, embeddable)
values
  ('task_dependency', 'task', 'relation', 'Task', 'many-to-one', null, false, false),
  ('task_dependency', 'blocker', 'relation', 'Blocker', 'many-to-one', null, false, false)
on conflict (collection_name, name) do update set
  type = excluded.type,
  label = excluded.label,
  cardinality = excluded.cardinality,
  reporting_role = excluded.reporting_role,
  searchable = excluded.searchable,
  embeddable = excluded.embeddable;


create table if not exists public.task_status_history (
  id uuid primary key default gen_random_uuid(),
  workspace_id uuid not null references public.workspace(id) on delete cascade,
  from_status_id uuid,
  to_status_id uuid not null,
  changed_by uuid not null,
  task_id uuid not null references public.task(id) on delete cascade,
  created_at timestamptz not null default now(),
  updated_at timestamptz not null default now()
);

alter table public.task_status_history enable row level security;
grant select, insert, update, delete on public.task_status_history to authenticated;
grant select, insert, update, delete on public.task_status_history to service_role;
create policy task_status_history_rw on public.task_status_history for all to authenticated
  using (public.is_workspace_member(workspace_id))
  with check (public.is_workspace_member(workspace_id));



create or replace function public.task_status_history_delete_chunks()
returns trigger
language plpgsql
security definer
set search_path = ''
as $$
begin
  delete from public.search_chunk where source_table = 'task_status_history' and source_id = old.id;
  return old;
end;
$$;
revoke all on function public.task_status_history_delete_chunks() from public, anon, authenticated;

create trigger task_status_history_delete_chunks_tg
  after delete on public.task_status_history
  for each row execute function public.task_status_history_delete_chunks();

insert into public.movp_collections (name, label, label_plural, workspace_scoped)
values ('task_status_history', 'Task Status History', 'Task Status History', true)
on conflict (name) do update set label = excluded.label, label_plural = excluded.label_plural, workspace_scoped = excluded.workspace_scoped;

insert into public.movp_fields (collection_name, name, type, label, cardinality, reporting_role, searchable, embeddable)
values
  ('task_status_history', 'task', 'relation', 'Task', 'many-to-one', null, false, false),
  ('task_status_history', 'from_status_id', 'uuid', 'From Status', null, null, false, false),
  ('task_status_history', 'to_status_id', 'uuid', 'To Status', null, null, false, false),
  ('task_status_history', 'changed_by', 'uuid', 'Changed By', null, null, false, false)
on conflict (collection_name, name) do update set
  type = excluded.type,
  label = excluded.label,
  cardinality = excluded.cardinality,
  reporting_role = excluded.reporting_role,
  searchable = excluded.searchable,
  embeddable = excluded.embeddable;


create table if not exists public.task_attachment (
  id uuid primary key default gen_random_uuid(),
  workspace_id uuid not null references public.workspace(id) on delete cascade,
  r2_key text not null,
  filename text not null,
  content_type text,
  bytes numeric,
  uploaded_by uuid not null,
  task_id uuid not null references public.task(id) on delete cascade,
  created_at timestamptz not null default now(),
  updated_at timestamptz not null default now()
);

alter table public.task_attachment enable row level security;
grant select, insert, update, delete on public.task_attachment to authenticated;
grant select, insert, update, delete on public.task_attachment to service_role;
create policy task_attachment_rw on public.task_attachment for all to authenticated
  using (public.is_workspace_member(workspace_id))
  with check (public.is_workspace_member(workspace_id));



create or replace function public.task_attachment_delete_chunks()
returns trigger
language plpgsql
security definer
set search_path = ''
as $$
begin
  delete from public.search_chunk where source_table = 'task_attachment' and source_id = old.id;
  return old;
end;
$$;
revoke all on function public.task_attachment_delete_chunks() from public, anon, authenticated;

create trigger task_attachment_delete_chunks_tg
  after delete on public.task_attachment
  for each row execute function public.task_attachment_delete_chunks();

insert into public.movp_collections (name, label, label_plural, workspace_scoped)
values ('task_attachment', 'Task Attachment', 'Task Attachments', true)
on conflict (name) do update set label = excluded.label, label_plural = excluded.label_plural, workspace_scoped = excluded.workspace_scoped;

insert into public.movp_fields (collection_name, name, type, label, cardinality, reporting_role, searchable, embeddable)
values
  ('task_attachment', 'task', 'relation', 'Task', 'many-to-one', null, false, false),
  ('task_attachment', 'r2_key', 'text', 'R2 Key', null, null, false, false),
  ('task_attachment', 'filename', 'text', 'Filename', null, null, false, false),
  ('task_attachment', 'content_type', 'text', 'Content Type', null, null, false, false),
  ('task_attachment', 'bytes', 'number', 'Bytes', null, null, false, false),
  ('task_attachment', 'uploaded_by', 'uuid', 'Uploaded By', null, null, false, false)
on conflict (collection_name, name) do update set
  type = excluded.type,
  label = excluded.label,
  cardinality = excluded.cardinality,
  reporting_role = excluded.reporting_role,
  searchable = excluded.searchable,
  embeddable = excluded.embeddable;


create table if not exists public.content_type (
  id uuid primary key default gen_random_uuid(),
  workspace_id uuid not null references public.workspace(id) on delete cascade,
  key text not null,
  label text not null,
  field_schema jsonb not null,
  moderation_policy text not null default 'none' check (moderation_policy in ('none', 'pre', 'post')),
  approval_policy text not null default 'none' check (approval_policy in ('none', 'single', 'multi')),
  created_at timestamptz not null default now(),
  updated_at timestamptz not null default now()
);

alter table public.content_type enable row level security;
grant select, insert, update, delete on public.content_type to authenticated;
grant select, insert, update, delete on public.content_type to service_role;
create policy content_type_rw on public.content_type for all to authenticated
  using (public.is_workspace_member(workspace_id))
  with check (public.is_workspace_member(workspace_id));



create or replace function public.content_type_delete_chunks()
returns trigger
language plpgsql
security definer
set search_path = ''
as $$
begin
  delete from public.search_chunk where source_table = 'content_type' and source_id = old.id;
  return old;
end;
$$;
revoke all on function public.content_type_delete_chunks() from public, anon, authenticated;

create trigger content_type_delete_chunks_tg
  after delete on public.content_type
  for each row execute function public.content_type_delete_chunks();

insert into public.movp_collections (name, label, label_plural, workspace_scoped)
values ('content_type', 'Content Type', 'Content Types', true)
on conflict (name) do update set label = excluded.label, label_plural = excluded.label_plural, workspace_scoped = excluded.workspace_scoped;

insert into public.movp_fields (collection_name, name, type, label, cardinality, reporting_role, searchable, embeddable)
values
  ('content_type', 'key', 'text', 'Key', null, null, false, false),
  ('content_type', 'label', 'text', 'Label', null, null, false, false),
  ('content_type', 'field_schema', 'json', 'Field Schema', null, null, false, false),
  ('content_type', 'moderation_policy', 'enum', 'Moderation Policy', null, 'dimension', false, false),
  ('content_type', 'approval_policy', 'enum', 'Approval Policy', null, 'dimension', false, false)
on conflict (collection_name, name) do update set
  type = excluded.type,
  label = excluded.label,
  cardinality = excluded.cardinality,
  reporting_role = excluded.reporting_role,
  searchable = excluded.searchable,
  embeddable = excluded.embeddable;


create table if not exists public.content_item (
  id uuid primary key default gen_random_uuid(),
  workspace_id uuid not null references public.workspace(id) on delete cascade,
  slug text not null,
  status text not null default 'draft' check (status in ('draft', 'in_review', 'approved', 'published', 'archived')),
  current_revision_id uuid,
  approved_revision_id uuid,
  published_revision_id uuid,
  published_at timestamptz,
  search_text text,
  search_body text,
  content_type_id uuid not null references public.content_type(id) on delete cascade,
  search_vector tsvector,
  created_at timestamptz not null default now(),
  updated_at timestamptz not null default now()
);

alter table public.content_item enable row level security;
grant select, insert, update, delete on public.content_item to authenticated;
grant select, insert, update, delete on public.content_item to service_role;
create policy content_item_rw on public.content_item for all to authenticated
  using (public.is_workspace_member(workspace_id))
  with check (public.is_workspace_member(workspace_id));

create or replace function public.content_item_search_vector_update()
returns trigger
language plpgsql
as $$
begin
  new.search_vector := to_tsvector('english', coalesce(new.search_text, '') || ' ' || coalesce(new.search_body, ''));
  return new;
end;
$$;

create trigger content_item_search_vector_tg
  before insert or update on public.content_item
  for each row execute function public.content_item_search_vector_update();

create index content_item_search_idx on public.content_item using gin (search_vector);

create or replace function public.content_item_search_body_enqueue_embed()
returns trigger
language plpgsql
security definer
set search_path = ''
as $$
declare
  v_hash text;
begin
  v_hash := encode(extensions.digest(coalesce(new.search_body, ''), 'sha256'), 'hex');
  if tg_op = 'UPDATE' and v_hash = encode(extensions.digest(coalesce(old.search_body, ''), 'sha256'), 'hex') then
    return new;
  end if;

  insert into movp_internal.movp_jobs (kind, idempotency_key, payload, workspace_id)
  values (
    'embed',
    'content_item' || ':' || new.id::text || ':search_body:' || v_hash,
    jsonb_build_object('source_table', 'content_item', 'source_id', new.id, 'field', 'search_body', 'content_hash', v_hash),
    new.workspace_id
  )
  on conflict (kind, idempotency_key) do nothing;
  return new;
end;
$$;
revoke all on function public.content_item_search_body_enqueue_embed() from public, anon, authenticated;

create trigger content_item_search_body_enqueue_embed_tg
  after insert or update on public.content_item
  for each row execute function public.content_item_search_body_enqueue_embed();

create or replace function public.content_item_delete_chunks()
returns trigger
language plpgsql
security definer
set search_path = ''
as $$
begin
  delete from public.search_chunk where source_table = 'content_item' and source_id = old.id;
  return old;
end;
$$;
revoke all on function public.content_item_delete_chunks() from public, anon, authenticated;

create trigger content_item_delete_chunks_tg
  after delete on public.content_item
  for each row execute function public.content_item_delete_chunks();

insert into public.movp_collections (name, label, label_plural, workspace_scoped)
values ('content_item', 'Content Item', 'Content Items', true)
on conflict (name) do update set label = excluded.label, label_plural = excluded.label_plural, workspace_scoped = excluded.workspace_scoped;

insert into public.movp_fields (collection_name, name, type, label, cardinality, reporting_role, searchable, embeddable)
values
  ('content_item', 'content_type', 'relation', 'Content Type', 'many-to-one', null, false, false),
  ('content_item', 'slug', 'text', 'Slug', null, null, false, false),
  ('content_item', 'status', 'enum', 'Status', null, 'dimension', false, false),
  ('content_item', 'current_revision_id', 'uuid', 'Current Revision', null, null, false, false),
  ('content_item', 'approved_revision_id', 'uuid', 'Approved Revision', null, null, false, false),
  ('content_item', 'published_revision_id', 'uuid', 'Published Revision', null, null, false, false),
  ('content_item', 'published_at', 'datetime', 'Published At', null, null, false, false),
  ('content_item', 'search_text', 'text', 'Search Text', null, null, true, false),
  ('content_item', 'search_body', 'richText', 'Search Body', null, null, true, true)
on conflict (collection_name, name) do update set
  type = excluded.type,
  label = excluded.label,
  cardinality = excluded.cardinality,
  reporting_role = excluded.reporting_role,
  searchable = excluded.searchable,
  embeddable = excluded.embeddable;


create table if not exists public.content_revision (
  id uuid primary key default gen_random_uuid(),
  workspace_id uuid not null references public.workspace(id) on delete cascade,
  revision_number numeric not null,
  data jsonb not null,
  content_hash text not null,
  author_id uuid not null,
  content_item_id uuid not null references public.content_item(id) on delete cascade,
  parent_id uuid references public.content_revision(id) on delete set null,
  created_at timestamptz not null default now(),
  updated_at timestamptz not null default now()
);

alter table public.content_revision enable row level security;
grant select, insert, update, delete on public.content_revision to authenticated;
grant select, insert, update, delete on public.content_revision to service_role;
create policy content_revision_rw on public.content_revision for all to authenticated
  using (public.is_workspace_member(workspace_id))
  with check (public.is_workspace_member(workspace_id));



create or replace function public.content_revision_delete_chunks()
returns trigger
language plpgsql
security definer
set search_path = ''
as $$
begin
  delete from public.search_chunk where source_table = 'content_revision' and source_id = old.id;
  return old;
end;
$$;
revoke all on function public.content_revision_delete_chunks() from public, anon, authenticated;

create trigger content_revision_delete_chunks_tg
  after delete on public.content_revision
  for each row execute function public.content_revision_delete_chunks();

insert into public.movp_collections (name, label, label_plural, workspace_scoped)
values ('content_revision', 'Content Revision', 'Content Revisions', true)
on conflict (name) do update set label = excluded.label, label_plural = excluded.label_plural, workspace_scoped = excluded.workspace_scoped;

insert into public.movp_fields (collection_name, name, type, label, cardinality, reporting_role, searchable, embeddable)
values
  ('content_revision', 'content_item', 'relation', 'Item', 'many-to-one', null, false, false),
  ('content_revision', 'revision_number', 'number', 'Revision Number', null, null, false, false),
  ('content_revision', 'data', 'json', 'Data', null, null, false, false),
  ('content_revision', 'content_hash', 'text', 'Content Hash', null, null, false, false),
  ('content_revision', 'author_id', 'uuid', 'Author', null, null, false, false),
  ('content_revision', 'parent', 'relation', 'Parent Revision', 'many-to-one', null, false, false)
on conflict (collection_name, name) do update set
  type = excluded.type,
  label = excluded.label,
  cardinality = excluded.cardinality,
  reporting_role = excluded.reporting_role,
  searchable = excluded.searchable,
  embeddable = excluded.embeddable;


create table if not exists public.content_approval (
  id uuid primary key default gen_random_uuid(),
  workspace_id uuid not null references public.workspace(id) on delete cascade,
  state text not null default 'pending' check (state in ('pending', 'approved', 'rejected', 'superseded')),
  policy text not null check (policy in ('single', 'multi', 'moderation')),
  approvals_required numeric not null default 1,
  approved_content_hash text,
  decided_at timestamptz,
  decided_by uuid,
  content_item_id uuid not null references public.content_item(id) on delete cascade,
  approved_revision_id uuid references public.content_revision(id) on delete set null,
  created_at timestamptz not null default now(),
  updated_at timestamptz not null default now()
);

alter table public.content_approval enable row level security;
grant select, insert, update, delete on public.content_approval to authenticated;
grant select, insert, update, delete on public.content_approval to service_role;
create policy content_approval_rw on public.content_approval for all to authenticated
  using (public.is_workspace_member(workspace_id))
  with check (public.is_workspace_member(workspace_id));



create or replace function public.content_approval_delete_chunks()
returns trigger
language plpgsql
security definer
set search_path = ''
as $$
begin
  delete from public.search_chunk where source_table = 'content_approval' and source_id = old.id;
  return old;
end;
$$;
revoke all on function public.content_approval_delete_chunks() from public, anon, authenticated;

create trigger content_approval_delete_chunks_tg
  after delete on public.content_approval
  for each row execute function public.content_approval_delete_chunks();

insert into public.movp_collections (name, label, label_plural, workspace_scoped)
values ('content_approval', 'Content Approval', 'Content Approvals', true)
on conflict (name) do update set label = excluded.label, label_plural = excluded.label_plural, workspace_scoped = excluded.workspace_scoped;

insert into public.movp_fields (collection_name, name, type, label, cardinality, reporting_role, searchable, embeddable)
values
  ('content_approval', 'content_item', 'relation', 'Content Item', 'many-to-one', null, false, false),
  ('content_approval', 'state', 'enum', 'State', null, 'dimension', false, false),
  ('content_approval', 'policy', 'enum', 'Policy', null, 'dimension', false, false),
  ('content_approval', 'approvals_required', 'number', 'Approvals Required', null, null, false, false),
  ('content_approval', 'approved_revision', 'relation', 'Approved Revision', 'many-to-one', null, false, false),
  ('content_approval', 'approved_content_hash', 'text', 'Approved Content Hash', null, null, false, false),
  ('content_approval', 'decided_at', 'datetime', 'Decided At', null, null, false, false),
  ('content_approval', 'decided_by', 'uuid', 'Decided By', null, null, false, false)
on conflict (collection_name, name) do update set
  type = excluded.type,
  label = excluded.label,
  cardinality = excluded.cardinality,
  reporting_role = excluded.reporting_role,
  searchable = excluded.searchable,
  embeddable = excluded.embeddable;


create table if not exists public.content_approval_vote (
  id uuid primary key default gen_random_uuid(),
  workspace_id uuid not null references public.workspace(id) on delete cascade,
  voter_id uuid not null,
  vote text not null check (vote in ('approve', 'reject')),
  approval_id uuid not null references public.content_approval(id) on delete cascade,
  created_at timestamptz not null default now(),
  updated_at timestamptz not null default now()
);

alter table public.content_approval_vote enable row level security;
grant select, insert, update, delete on public.content_approval_vote to authenticated;
grant select, insert, update, delete on public.content_approval_vote to service_role;
create policy content_approval_vote_rw on public.content_approval_vote for all to authenticated
  using (public.is_workspace_member(workspace_id))
  with check (public.is_workspace_member(workspace_id));



create or replace function public.content_approval_vote_delete_chunks()
returns trigger
language plpgsql
security definer
set search_path = ''
as $$
begin
  delete from public.search_chunk where source_table = 'content_approval_vote' and source_id = old.id;
  return old;
end;
$$;
revoke all on function public.content_approval_vote_delete_chunks() from public, anon, authenticated;

create trigger content_approval_vote_delete_chunks_tg
  after delete on public.content_approval_vote
  for each row execute function public.content_approval_vote_delete_chunks();

insert into public.movp_collections (name, label, label_plural, workspace_scoped)
values ('content_approval_vote', 'Content Approval Vote', 'Content Approval Votes', true)
on conflict (name) do update set label = excluded.label, label_plural = excluded.label_plural, workspace_scoped = excluded.workspace_scoped;

insert into public.movp_fields (collection_name, name, type, label, cardinality, reporting_role, searchable, embeddable)
values
  ('content_approval_vote', 'approval', 'relation', 'Approval', 'many-to-one', null, false, false),
  ('content_approval_vote', 'voter_id', 'uuid', 'Voter', null, null, false, false),
  ('content_approval_vote', 'vote', 'enum', 'Vote', null, null, false, false)
on conflict (collection_name, name) do update set
  type = excluded.type,
  label = excluded.label,
  cardinality = excluded.cardinality,
  reporting_role = excluded.reporting_role,
  searchable = excluded.searchable,
  embeddable = excluded.embeddable;


create table if not exists public.content_publish_event (
  id uuid primary key default gen_random_uuid(),
  workspace_id uuid not null references public.workspace(id) on delete cascade,
  action text not null check (action in ('publish', 'unpublish')),
  content_hash text not null,
  actor_id uuid not null,
  content_item_id uuid not null references public.content_item(id) on delete cascade,
  revision_id uuid not null references public.content_revision(id) on delete cascade,
  created_at timestamptz not null default now(),
  updated_at timestamptz not null default now()
);

alter table public.content_publish_event enable row level security;
grant select, insert, update, delete on public.content_publish_event to authenticated;
grant select, insert, update, delete on public.content_publish_event to service_role;
create policy content_publish_event_rw on public.content_publish_event for all to authenticated
  using (public.is_workspace_member(workspace_id))
  with check (public.is_workspace_member(workspace_id));



create or replace function public.content_publish_event_delete_chunks()
returns trigger
language plpgsql
security definer
set search_path = ''
as $$
begin
  delete from public.search_chunk where source_table = 'content_publish_event' and source_id = old.id;
  return old;
end;
$$;
revoke all on function public.content_publish_event_delete_chunks() from public, anon, authenticated;

create trigger content_publish_event_delete_chunks_tg
  after delete on public.content_publish_event
  for each row execute function public.content_publish_event_delete_chunks();

insert into public.movp_collections (name, label, label_plural, workspace_scoped)
values ('content_publish_event', 'Content Publish Event', 'Content Publish Events', true)
on conflict (name) do update set label = excluded.label, label_plural = excluded.label_plural, workspace_scoped = excluded.workspace_scoped;

insert into public.movp_fields (collection_name, name, type, label, cardinality, reporting_role, searchable, embeddable)
values
  ('content_publish_event', 'content_item', 'relation', 'Content Item', 'many-to-one', null, false, false),
  ('content_publish_event', 'action', 'enum', 'Action', null, 'dimension', false, false),
  ('content_publish_event', 'revision', 'relation', 'Revision', 'many-to-one', null, false, false),
  ('content_publish_event', 'content_hash', 'text', 'Content Hash', null, null, false, false),
  ('content_publish_event', 'actor_id', 'uuid', 'Actor', null, null, false, false)
on conflict (collection_name, name) do update set
  type = excluded.type,
  label = excluded.label,
  cardinality = excluded.cardinality,
  reporting_role = excluded.reporting_role,
  searchable = excluded.searchable,
  embeddable = excluded.embeddable;


create table if not exists public.content_schedule (
  id uuid primary key default gen_random_uuid(),
  workspace_id uuid not null references public.workspace(id) on delete cascade,
  action text not null check (action in ('publish', 'unpublish')),
  run_at timestamptz not null,
  scheduled_by uuid not null,
  state text not null default 'scheduled' check (state in ('scheduled', 'fired', 'canceled', 'failed')),
  content_item_id uuid not null references public.content_item(id) on delete cascade,
  revision_id uuid not null references public.content_revision(id) on delete cascade,
  created_at timestamptz not null default now(),
  updated_at timestamptz not null default now()
);

alter table public.content_schedule enable row level security;
grant select, insert, update, delete on public.content_schedule to authenticated;
grant select, insert, update, delete on public.content_schedule to service_role;
create policy content_schedule_rw on public.content_schedule for all to authenticated
  using (public.is_workspace_member(workspace_id))
  with check (public.is_workspace_member(workspace_id));



create or replace function public.content_schedule_delete_chunks()
returns trigger
language plpgsql
security definer
set search_path = ''
as $$
begin
  delete from public.search_chunk where source_table = 'content_schedule' and source_id = old.id;
  return old;
end;
$$;
revoke all on function public.content_schedule_delete_chunks() from public, anon, authenticated;

create trigger content_schedule_delete_chunks_tg
  after delete on public.content_schedule
  for each row execute function public.content_schedule_delete_chunks();

insert into public.movp_collections (name, label, label_plural, workspace_scoped)
values ('content_schedule', 'Content Schedule', 'Content Schedules', true)
on conflict (name) do update set label = excluded.label, label_plural = excluded.label_plural, workspace_scoped = excluded.workspace_scoped;

insert into public.movp_fields (collection_name, name, type, label, cardinality, reporting_role, searchable, embeddable)
values
  ('content_schedule', 'content_item', 'relation', 'Content Item', 'many-to-one', null, false, false),
  ('content_schedule', 'action', 'enum', 'Action', null, null, false, false),
  ('content_schedule', 'revision', 'relation', 'Revision', 'many-to-one', null, false, false),
  ('content_schedule', 'run_at', 'datetime', 'Run At', null, null, false, false),
  ('content_schedule', 'scheduled_by', 'uuid', 'Scheduled By', null, null, false, false),
  ('content_schedule', 'state', 'enum', 'State', null, 'dimension', false, false)
on conflict (collection_name, name) do update set
  type = excluded.type,
  label = excluded.label,
  cardinality = excluded.cardinality,
  reporting_role = excluded.reporting_role,
  searchable = excluded.searchable,
  embeddable = excluded.embeddable;


create table if not exists public.asset (
  id uuid primary key default gen_random_uuid(),
  workspace_id uuid not null references public.workspace(id) on delete cascade,
  filename text not null,
  mime text not null,
  r2_key text not null,
  size_bytes numeric,
  checksum text,
  width numeric,
  height numeric,
  alt_text text,
  uploaded_by uuid not null,
  search_vector tsvector,
  created_at timestamptz not null default now(),
  updated_at timestamptz not null default now()
);

alter table public.asset enable row level security;
grant select, insert, update, delete on public.asset to authenticated;
grant select, insert, update, delete on public.asset to service_role;
create policy asset_rw on public.asset for all to authenticated
  using (public.is_workspace_member(workspace_id))
  with check (public.is_workspace_member(workspace_id));

create or replace function public.asset_search_vector_update()
returns trigger
language plpgsql
as $$
begin
  new.search_vector := to_tsvector('english', coalesce(new.alt_text, ''));
  return new;
end;
$$;

create trigger asset_search_vector_tg
  before insert or update on public.asset
  for each row execute function public.asset_search_vector_update();

create index asset_search_idx on public.asset using gin (search_vector);


create or replace function public.asset_delete_chunks()
returns trigger
language plpgsql
security definer
set search_path = ''
as $$
begin
  delete from public.search_chunk where source_table = 'asset' and source_id = old.id;
  return old;
end;
$$;
revoke all on function public.asset_delete_chunks() from public, anon, authenticated;

create trigger asset_delete_chunks_tg
  after delete on public.asset
  for each row execute function public.asset_delete_chunks();

insert into public.movp_collections (name, label, label_plural, workspace_scoped)
values ('asset', 'Asset', 'Assets', true)
on conflict (name) do update set label = excluded.label, label_plural = excluded.label_plural, workspace_scoped = excluded.workspace_scoped;

insert into public.movp_fields (collection_name, name, type, label, cardinality, reporting_role, searchable, embeddable)
values
  ('asset', 'filename', 'text', 'Filename', null, null, false, false),
  ('asset', 'mime', 'text', 'MIME Type', null, 'dimension', false, false),
  ('asset', 'r2_key', 'text', 'R2 Key', null, null, false, false),
  ('asset', 'size_bytes', 'number', 'Size Bytes', null, 'measure', false, false),
  ('asset', 'checksum', 'text', 'Checksum', null, null, false, false),
  ('asset', 'width', 'number', 'Width', null, null, false, false),
  ('asset', 'height', 'number', 'Height', null, null, false, false),
  ('asset', 'alt_text', 'text', 'Alt Text', null, null, true, false),
  ('asset', 'uploaded_by', 'uuid', 'Uploaded By', null, null, false, false)
on conflict (collection_name, name) do update set
  type = excluded.type,
  label = excluded.label,
  cardinality = excluded.cardinality,
  reporting_role = excluded.reporting_role,
  searchable = excluded.searchable,
  embeddable = excluded.embeddable;


create table if not exists public.content_collection (
  id uuid primary key default gen_random_uuid(),
  workspace_id uuid not null references public.workspace(id) on delete cascade,
  key text not null,
  label text not null,
  description text,
  created_at timestamptz not null default now(),
  updated_at timestamptz not null default now()
);

alter table public.content_collection enable row level security;
grant select, insert, update, delete on public.content_collection to authenticated;
grant select, insert, update, delete on public.content_collection to service_role;
create policy content_collection_rw on public.content_collection for all to authenticated
  using (public.is_workspace_member(workspace_id))
  with check (public.is_workspace_member(workspace_id));



create or replace function public.content_collection_delete_chunks()
returns trigger
language plpgsql
security definer
set search_path = ''
as $$
begin
  delete from public.search_chunk where source_table = 'content_collection' and source_id = old.id;
  return old;
end;
$$;
revoke all on function public.content_collection_delete_chunks() from public, anon, authenticated;

create trigger content_collection_delete_chunks_tg
  after delete on public.content_collection
  for each row execute function public.content_collection_delete_chunks();

insert into public.movp_collections (name, label, label_plural, workspace_scoped)
values ('content_collection', 'Content Collection', 'Content Collections', true)
on conflict (name) do update set label = excluded.label, label_plural = excluded.label_plural, workspace_scoped = excluded.workspace_scoped;

insert into public.movp_fields (collection_name, name, type, label, cardinality, reporting_role, searchable, embeddable)
values
  ('content_collection', 'key', 'text', 'Key', null, null, false, false),
  ('content_collection', 'label', 'text', 'Label', null, null, false, false),
  ('content_collection', 'description', 'text', 'Description', null, null, false, false)
on conflict (collection_name, name) do update set
  type = excluded.type,
  label = excluded.label,
  cardinality = excluded.cardinality,
  reporting_role = excluded.reporting_role,
  searchable = excluded.searchable,
  embeddable = excluded.embeddable;


create table if not exists public.content_collection_entry (
  id uuid primary key default gen_random_uuid(),
  workspace_id uuid not null references public.workspace(id) on delete cascade,
  position numeric not null,
  collection_id uuid not null references public.content_collection(id) on delete cascade,
  content_item_id uuid not null references public.content_item(id) on delete cascade,
  created_at timestamptz not null default now(),
  updated_at timestamptz not null default now()
);

alter table public.content_collection_entry enable row level security;
grant select, insert, update, delete on public.content_collection_entry to authenticated;
grant select, insert, update, delete on public.content_collection_entry to service_role;
create policy content_collection_entry_rw on public.content_collection_entry for all to authenticated
  using (public.is_workspace_member(workspace_id))
  with check (public.is_workspace_member(workspace_id));



create or replace function public.content_collection_entry_delete_chunks()
returns trigger
language plpgsql
security definer
set search_path = ''
as $$
begin
  delete from public.search_chunk where source_table = 'content_collection_entry' and source_id = old.id;
  return old;
end;
$$;
revoke all on function public.content_collection_entry_delete_chunks() from public, anon, authenticated;

create trigger content_collection_entry_delete_chunks_tg
  after delete on public.content_collection_entry
  for each row execute function public.content_collection_entry_delete_chunks();

insert into public.movp_collections (name, label, label_plural, workspace_scoped)
values ('content_collection_entry', 'Content Collection Entry', 'Content Collection Entries', true)
on conflict (name) do update set label = excluded.label, label_plural = excluded.label_plural, workspace_scoped = excluded.workspace_scoped;

insert into public.movp_fields (collection_name, name, type, label, cardinality, reporting_role, searchable, embeddable)
values
  ('content_collection_entry', 'collection', 'relation', 'Collection', 'many-to-one', null, false, false),
  ('content_collection_entry', 'content_item', 'relation', 'Content Item', 'many-to-one', null, false, false),
  ('content_collection_entry', 'position', 'number', 'Position', null, null, false, false)
on conflict (collection_name, name) do update set
  type = excluded.type,
  label = excluded.label,
  cardinality = excluded.cardinality,
  reporting_role = excluded.reporting_role,
  searchable = excluded.searchable,
  embeddable = excluded.embeddable;


create table if not exists public.content_seo (
  id uuid primary key default gen_random_uuid(),
  workspace_id uuid not null references public.workspace(id) on delete cascade,
  meta jsonb,
  jsonld jsonb,
  score numeric,
  checklist jsonb,
  content_item_id uuid not null references public.content_item(id) on delete cascade,
  created_at timestamptz not null default now(),
  updated_at timestamptz not null default now()
);

alter table public.content_seo enable row level security;
grant select, insert, update, delete on public.content_seo to authenticated;
grant select, insert, update, delete on public.content_seo to service_role;
create policy content_seo_rw on public.content_seo for all to authenticated
  using (public.is_workspace_member(workspace_id))
  with check (public.is_workspace_member(workspace_id));



create or replace function public.content_seo_delete_chunks()
returns trigger
language plpgsql
security definer
set search_path = ''
as $$
begin
  delete from public.search_chunk where source_table = 'content_seo' and source_id = old.id;
  return old;
end;
$$;
revoke all on function public.content_seo_delete_chunks() from public, anon, authenticated;

create trigger content_seo_delete_chunks_tg
  after delete on public.content_seo
  for each row execute function public.content_seo_delete_chunks();

insert into public.movp_collections (name, label, label_plural, workspace_scoped)
values ('content_seo', 'Content SEO', 'Content SEO Records', true)
on conflict (name) do update set label = excluded.label, label_plural = excluded.label_plural, workspace_scoped = excluded.workspace_scoped;

insert into public.movp_fields (collection_name, name, type, label, cardinality, reporting_role, searchable, embeddable)
values
  ('content_seo', 'content_item', 'relation', 'Content Item', 'many-to-one', null, false, false),
  ('content_seo', 'meta', 'json', 'Meta', null, null, false, false),
  ('content_seo', 'jsonld', 'json', 'JSON-LD', null, null, false, false),
  ('content_seo', 'score', 'number', 'Score', null, 'measure', false, false),
  ('content_seo', 'checklist', 'json', 'Checklist', null, null, false, false)
on conflict (collection_name, name) do update set
  type = excluded.type,
  label = excluded.label,
  cardinality = excluded.cardinality,
  reporting_role = excluded.reporting_role,
  searchable = excluded.searchable,
  embeddable = excluded.embeddable;


create table if not exists public.marketing_plan (
  id uuid primary key default gen_random_uuid(),
  workspace_id uuid not null references public.workspace(id) on delete cascade,
  name text not null,
  description text,
  period_start date,
  period_end date,
  goals jsonb,
  owner_id uuid,
  status text not null default 'draft' check (status in ('draft', 'active', 'archived')),
  search_vector tsvector,
  created_at timestamptz not null default now(),
  updated_at timestamptz not null default now()
);

alter table public.marketing_plan enable row level security;
grant select, insert, update, delete on public.marketing_plan to authenticated;
grant select, insert, update, delete on public.marketing_plan to service_role;
create policy marketing_plan_rw on public.marketing_plan for all to authenticated
  using (public.is_workspace_member(workspace_id))
  with check (public.is_workspace_member(workspace_id));

create or replace function public.marketing_plan_search_vector_update()
returns trigger
language plpgsql
as $$
begin
  new.search_vector := to_tsvector('english', coalesce(new.name, '') || ' ' || coalesce(new.description, ''));
  return new;
end;
$$;

create trigger marketing_plan_search_vector_tg
  before insert or update on public.marketing_plan
  for each row execute function public.marketing_plan_search_vector_update();

create index marketing_plan_search_idx on public.marketing_plan using gin (search_vector);


create or replace function public.marketing_plan_delete_chunks()
returns trigger
language plpgsql
security definer
set search_path = ''
as $$
begin
  delete from public.search_chunk where source_table = 'marketing_plan' and source_id = old.id;
  return old;
end;
$$;
revoke all on function public.marketing_plan_delete_chunks() from public, anon, authenticated;

create trigger marketing_plan_delete_chunks_tg
  after delete on public.marketing_plan
  for each row execute function public.marketing_plan_delete_chunks();

insert into public.movp_collections (name, label, label_plural, workspace_scoped)
values ('marketing_plan', 'Marketing Plan', 'Marketing Plans', true)
on conflict (name) do update set label = excluded.label, label_plural = excluded.label_plural, workspace_scoped = excluded.workspace_scoped;

insert into public.movp_fields (collection_name, name, type, label, cardinality, reporting_role, searchable, embeddable)
values
  ('marketing_plan', 'name', 'text', 'Name', null, null, true, false),
  ('marketing_plan', 'description', 'richText', 'Description', null, null, true, false),
  ('marketing_plan', 'period_start', 'date', 'Period Start', null, 'dimension', false, false),
  ('marketing_plan', 'period_end', 'date', 'Period End', null, 'dimension', false, false),
  ('marketing_plan', 'goals', 'json', 'Goals', null, null, false, false),
  ('marketing_plan', 'owner_id', 'uuid', 'Owner', null, null, false, false),
  ('marketing_plan', 'status', 'enum', 'Status', null, 'dimension', false, false)
on conflict (collection_name, name) do update set
  type = excluded.type,
  label = excluded.label,
  cardinality = excluded.cardinality,
  reporting_role = excluded.reporting_role,
  searchable = excluded.searchable,
  embeddable = excluded.embeddable;


create table if not exists public.campaign (
  id uuid primary key default gen_random_uuid(),
  workspace_id uuid not null references public.workspace(id) on delete cascade,
  name text not null,
  brief text,
  start_date date,
  end_date date,
  owner_id uuid,
  goal_metrics jsonb,
  priority text not null default 'medium' check (priority in ('low', 'medium', 'high', 'urgent')),
  rank numeric,
  status text not null default 'draft' check (status in ('draft', 'scheduled', 'active', 'completed', 'cancelled')),
  marketing_plan_id uuid references public.marketing_plan(id) on delete set null,
  search_vector tsvector,
  created_at timestamptz not null default now(),
  updated_at timestamptz not null default now()
);

alter table public.campaign enable row level security;
grant select, insert, update, delete on public.campaign to authenticated;
grant select, insert, update, delete on public.campaign to service_role;
create policy campaign_rw on public.campaign for all to authenticated
  using (public.is_workspace_member(workspace_id))
  with check (public.is_workspace_member(workspace_id));

create or replace function public.campaign_search_vector_update()
returns trigger
language plpgsql
as $$
begin
  new.search_vector := to_tsvector('english', coalesce(new.name, '') || ' ' || coalesce(new.brief, ''));
  return new;
end;
$$;

create trigger campaign_search_vector_tg
  before insert or update on public.campaign
  for each row execute function public.campaign_search_vector_update();

create index campaign_search_idx on public.campaign using gin (search_vector);

create or replace function public.campaign_brief_enqueue_embed()
returns trigger
language plpgsql
security definer
set search_path = ''
as $$
declare
  v_hash text;
begin
  v_hash := encode(extensions.digest(coalesce(new.brief, ''), 'sha256'), 'hex');
  if tg_op = 'UPDATE' and v_hash = encode(extensions.digest(coalesce(old.brief, ''), 'sha256'), 'hex') then
    return new;
  end if;

  insert into movp_internal.movp_jobs (kind, idempotency_key, payload, workspace_id)
  values (
    'embed',
    'campaign' || ':' || new.id::text || ':brief:' || v_hash,
    jsonb_build_object('source_table', 'campaign', 'source_id', new.id, 'field', 'brief', 'content_hash', v_hash),
    new.workspace_id
  )
  on conflict (kind, idempotency_key) do nothing;
  return new;
end;
$$;
revoke all on function public.campaign_brief_enqueue_embed() from public, anon, authenticated;

create trigger campaign_brief_enqueue_embed_tg
  after insert or update on public.campaign
  for each row execute function public.campaign_brief_enqueue_embed();

create or replace function public.campaign_delete_chunks()
returns trigger
language plpgsql
security definer
set search_path = ''
as $$
begin
  delete from public.search_chunk where source_table = 'campaign' and source_id = old.id;
  return old;
end;
$$;
revoke all on function public.campaign_delete_chunks() from public, anon, authenticated;

create trigger campaign_delete_chunks_tg
  after delete on public.campaign
  for each row execute function public.campaign_delete_chunks();

insert into public.movp_collections (name, label, label_plural, workspace_scoped)
values ('campaign', 'Campaign', 'Campaigns', true)
on conflict (name) do update set label = excluded.label, label_plural = excluded.label_plural, workspace_scoped = excluded.workspace_scoped;

insert into public.movp_fields (collection_name, name, type, label, cardinality, reporting_role, searchable, embeddable)
values
  ('campaign', 'marketing_plan', 'relation', 'Marketing Plan', 'many-to-one', null, false, false),
  ('campaign', 'name', 'text', 'Name', null, null, true, false),
  ('campaign', 'brief', 'richText', 'Brief', null, null, true, true),
  ('campaign', 'start_date', 'date', 'Start Date', null, 'dimension', false, false),
  ('campaign', 'end_date', 'date', 'End Date', null, 'dimension', false, false),
  ('campaign', 'owner_id', 'uuid', 'Owner', null, null, false, false),
  ('campaign', 'goal_metrics', 'json', 'Goal Metrics', null, null, false, false),
  ('campaign', 'priority', 'enum', 'Priority', null, 'dimension', false, false),
  ('campaign', 'rank', 'number', 'Rank', null, 'dimension', false, false),
  ('campaign', 'status', 'enum', 'Status', null, 'dimension', false, false)
on conflict (collection_name, name) do update set
  type = excluded.type,
  label = excluded.label,
  cardinality = excluded.cardinality,
  reporting_role = excluded.reporting_role,
  searchable = excluded.searchable,
  embeddable = excluded.embeddable;


create table if not exists public.campaign_channel (
  id uuid primary key default gen_random_uuid(),
  workspace_id uuid not null references public.workspace(id) on delete cascade,
  channel_type text check (channel_type in ('email', 'social', 'web', 'paid', 'event', 'sms', 'other')),
  name text,
  campaign_id uuid not null references public.campaign(id) on delete cascade,
  created_at timestamptz not null default now(),
  updated_at timestamptz not null default now()
);

alter table public.campaign_channel enable row level security;
grant select, insert, update, delete on public.campaign_channel to authenticated;
grant select, insert, update, delete on public.campaign_channel to service_role;
create policy campaign_channel_rw on public.campaign_channel for all to authenticated
  using (public.is_workspace_member(workspace_id))
  with check (public.is_workspace_member(workspace_id));



create or replace function public.campaign_channel_delete_chunks()
returns trigger
language plpgsql
security definer
set search_path = ''
as $$
begin
  delete from public.search_chunk where source_table = 'campaign_channel' and source_id = old.id;
  return old;
end;
$$;
revoke all on function public.campaign_channel_delete_chunks() from public, anon, authenticated;

create trigger campaign_channel_delete_chunks_tg
  after delete on public.campaign_channel
  for each row execute function public.campaign_channel_delete_chunks();

insert into public.movp_collections (name, label, label_plural, workspace_scoped)
values ('campaign_channel', 'Campaign Channel', 'Campaign Channels', true)
on conflict (name) do update set label = excluded.label, label_plural = excluded.label_plural, workspace_scoped = excluded.workspace_scoped;

insert into public.movp_fields (collection_name, name, type, label, cardinality, reporting_role, searchable, embeddable)
values
  ('campaign_channel', 'campaign', 'relation', 'Campaign', 'many-to-one', null, false, false),
  ('campaign_channel', 'channel_type', 'enum', 'Channel Type', null, 'dimension', false, false),
  ('campaign_channel', 'name', 'text', 'Name', null, null, false, false)
on conflict (collection_name, name) do update set
  type = excluded.type,
  label = excluded.label,
  cardinality = excluded.cardinality,
  reporting_role = excluded.reporting_role,
  searchable = excluded.searchable,
  embeddable = excluded.embeddable;


create table if not exists public.campaign_deliverable (
  id uuid primary key default gen_random_uuid(),
  workspace_id uuid not null references public.workspace(id) on delete cascade,
  name text not null,
  deliverable_type text check (deliverable_type in ('asset', 'post', 'email', 'landing_page', 'ad', 'event')),
  campaign_id uuid not null references public.campaign(id) on delete cascade,
  channel_id uuid references public.campaign_channel(id) on delete set null,
  search_vector tsvector,
  created_at timestamptz not null default now(),
  updated_at timestamptz not null default now()
);

alter table public.campaign_deliverable enable row level security;
grant select, insert, update, delete on public.campaign_deliverable to authenticated;
grant select, insert, update, delete on public.campaign_deliverable to service_role;
create policy campaign_deliverable_rw on public.campaign_deliverable for all to authenticated
  using (public.is_workspace_member(workspace_id))
  with check (public.is_workspace_member(workspace_id));

create or replace function public.campaign_deliverable_search_vector_update()
returns trigger
language plpgsql
as $$
begin
  new.search_vector := to_tsvector('english', coalesce(new.name, ''));
  return new;
end;
$$;

create trigger campaign_deliverable_search_vector_tg
  before insert or update on public.campaign_deliverable
  for each row execute function public.campaign_deliverable_search_vector_update();

create index campaign_deliverable_search_idx on public.campaign_deliverable using gin (search_vector);


create or replace function public.campaign_deliverable_delete_chunks()
returns trigger
language plpgsql
security definer
set search_path = ''
as $$
begin
  delete from public.search_chunk where source_table = 'campaign_deliverable' and source_id = old.id;
  return old;
end;
$$;
revoke all on function public.campaign_deliverable_delete_chunks() from public, anon, authenticated;

create trigger campaign_deliverable_delete_chunks_tg
  after delete on public.campaign_deliverable
  for each row execute function public.campaign_deliverable_delete_chunks();

insert into public.movp_collections (name, label, label_plural, workspace_scoped)
values ('campaign_deliverable', 'Campaign Deliverable', 'Campaign Deliverables', true)
on conflict (name) do update set label = excluded.label, label_plural = excluded.label_plural, workspace_scoped = excluded.workspace_scoped;

insert into public.movp_fields (collection_name, name, type, label, cardinality, reporting_role, searchable, embeddable)
values
  ('campaign_deliverable', 'campaign', 'relation', 'Campaign', 'many-to-one', null, false, false),
  ('campaign_deliverable', 'channel', 'relation', 'Channel', 'many-to-one', null, false, false),
  ('campaign_deliverable', 'name', 'text', 'Name', null, null, true, false),
  ('campaign_deliverable', 'deliverable_type', 'enum', 'Deliverable Type', null, 'dimension', false, false)
on conflict (collection_name, name) do update set
  type = excluded.type,
  label = excluded.label,
  cardinality = excluded.cardinality,
  reporting_role = excluded.reporting_role,
  searchable = excluded.searchable,
  embeddable = excluded.embeddable;


create table if not exists public.campaign_calendar_event (
  id uuid primary key default gen_random_uuid(),
  workspace_id uuid not null references public.workspace(id) on delete cascade,
  title text not null,
  event_date date not null,
  event_type text check (event_type in ('milestone', 'launch', 'review', 'deadline')),
  campaign_id uuid not null references public.campaign(id) on delete cascade,
  search_vector tsvector,
  created_at timestamptz not null default now(),
  updated_at timestamptz not null default now()
);

alter table public.campaign_calendar_event enable row level security;
grant select, insert, update, delete on public.campaign_calendar_event to authenticated;
grant select, insert, update, delete on public.campaign_calendar_event to service_role;
create policy campaign_calendar_event_rw on public.campaign_calendar_event for all to authenticated
  using (public.is_workspace_member(workspace_id))
  with check (public.is_workspace_member(workspace_id));

create or replace function public.campaign_calendar_event_search_vector_update()
returns trigger
language plpgsql
as $$
begin
  new.search_vector := to_tsvector('english', coalesce(new.title, ''));
  return new;
end;
$$;

create trigger campaign_calendar_event_search_vector_tg
  before insert or update on public.campaign_calendar_event
  for each row execute function public.campaign_calendar_event_search_vector_update();

create index campaign_calendar_event_search_idx on public.campaign_calendar_event using gin (search_vector);


create or replace function public.campaign_calendar_event_delete_chunks()
returns trigger
language plpgsql
security definer
set search_path = ''
as $$
begin
  delete from public.search_chunk where source_table = 'campaign_calendar_event' and source_id = old.id;
  return old;
end;
$$;
revoke all on function public.campaign_calendar_event_delete_chunks() from public, anon, authenticated;

create trigger campaign_calendar_event_delete_chunks_tg
  after delete on public.campaign_calendar_event
  for each row execute function public.campaign_calendar_event_delete_chunks();

insert into public.movp_collections (name, label, label_plural, workspace_scoped)
values ('campaign_calendar_event', 'Campaign Calendar Event', 'Campaign Calendar Events', true)
on conflict (name) do update set label = excluded.label, label_plural = excluded.label_plural, workspace_scoped = excluded.workspace_scoped;

insert into public.movp_fields (collection_name, name, type, label, cardinality, reporting_role, searchable, embeddable)
values
  ('campaign_calendar_event', 'campaign', 'relation', 'Campaign', 'many-to-one', null, false, false),
  ('campaign_calendar_event', 'title', 'text', 'Title', null, null, true, false),
  ('campaign_calendar_event', 'event_date', 'date', 'Event Date', null, 'dimension', false, false),
  ('campaign_calendar_event', 'event_type', 'enum', 'Event Type', null, 'dimension', false, false)
on conflict (collection_name, name) do update set
  type = excluded.type,
  label = excluded.label,
  cardinality = excluded.cardinality,
  reporting_role = excluded.reporting_role,
  searchable = excluded.searchable,
  embeddable = excluded.embeddable;


create table if not exists public.campaign_metric (
  id uuid primary key default gen_random_uuid(),
  workspace_id uuid not null references public.workspace(id) on delete cascade,
  metric_key text,
  value numeric,
  unit text,
  measured_at date,
  campaign_id uuid not null references public.campaign(id) on delete cascade,
  deliverable_id uuid references public.campaign_deliverable(id) on delete set null,
  channel_id uuid references public.campaign_channel(id) on delete set null,
  created_at timestamptz not null default now(),
  updated_at timestamptz not null default now()
);

alter table public.campaign_metric enable row level security;
grant select, insert, update, delete on public.campaign_metric to authenticated;
grant select, insert, update, delete on public.campaign_metric to service_role;
create policy campaign_metric_rw on public.campaign_metric for all to authenticated
  using (public.is_workspace_member(workspace_id))
  with check (public.is_workspace_member(workspace_id));



create or replace function public.campaign_metric_delete_chunks()
returns trigger
language plpgsql
security definer
set search_path = ''
as $$
begin
  delete from public.search_chunk where source_table = 'campaign_metric' and source_id = old.id;
  return old;
end;
$$;
revoke all on function public.campaign_metric_delete_chunks() from public, anon, authenticated;

create trigger campaign_metric_delete_chunks_tg
  after delete on public.campaign_metric
  for each row execute function public.campaign_metric_delete_chunks();

insert into public.movp_collections (name, label, label_plural, workspace_scoped)
values ('campaign_metric', 'Campaign Metric', 'Campaign Metrics', true)
on conflict (name) do update set label = excluded.label, label_plural = excluded.label_plural, workspace_scoped = excluded.workspace_scoped;

insert into public.movp_fields (collection_name, name, type, label, cardinality, reporting_role, searchable, embeddable)
values
  ('campaign_metric', 'campaign', 'relation', 'Campaign', 'many-to-one', null, false, false),
  ('campaign_metric', 'deliverable', 'relation', 'Deliverable', 'many-to-one', null, false, false),
  ('campaign_metric', 'channel', 'relation', 'Channel', 'many-to-one', null, false, false),
  ('campaign_metric', 'metric_key', 'text', 'Metric Key', null, 'dimension', false, false),
  ('campaign_metric', 'value', 'number', 'Value', null, 'measure', false, false),
  ('campaign_metric', 'unit', 'text', 'Unit', null, 'dimension', false, false),
  ('campaign_metric', 'measured_at', 'date', 'Measured At', null, 'dimension', false, false)
on conflict (collection_name, name) do update set
  type = excluded.type,
  label = excluded.label,
  cardinality = excluded.cardinality,
  reporting_role = excluded.reporting_role,
  searchable = excluded.searchable,
  embeddable = excluded.embeddable;


create table if not exists public.campaign_segment (
  id uuid primary key default gen_random_uuid(),
  workspace_id uuid not null references public.workspace(id) on delete cascade,
  targeting_role text not null default 'primary' check (targeting_role in ('primary', 'lookalike', 'exclusion')),
  weight numeric,
  campaign_id uuid not null references public.campaign(id) on delete cascade,
  created_at timestamptz not null default now(),
  updated_at timestamptz not null default now()
);

alter table public.campaign_segment enable row level security;
grant select, insert, update, delete on public.campaign_segment to authenticated;
grant select, insert, update, delete on public.campaign_segment to service_role;
create policy campaign_segment_rw on public.campaign_segment for all to authenticated
  using (public.is_workspace_member(workspace_id))
  with check (public.is_workspace_member(workspace_id));



create or replace function public.campaign_segment_delete_chunks()
returns trigger
language plpgsql
security definer
set search_path = ''
as $$
begin
  delete from public.search_chunk where source_table = 'campaign_segment' and source_id = old.id;
  return old;
end;
$$;
revoke all on function public.campaign_segment_delete_chunks() from public, anon, authenticated;

create trigger campaign_segment_delete_chunks_tg
  after delete on public.campaign_segment
  for each row execute function public.campaign_segment_delete_chunks();

insert into public.movp_collections (name, label, label_plural, workspace_scoped)
values ('campaign_segment', 'Campaign Segment', 'Campaign Segments', true)
on conflict (name) do update set label = excluded.label, label_plural = excluded.label_plural, workspace_scoped = excluded.workspace_scoped;

insert into public.movp_fields (collection_name, name, type, label, cardinality, reporting_role, searchable, embeddable)
values
  ('campaign_segment', 'campaign', 'relation', 'Campaign', 'many-to-one', null, false, false),
  ('campaign_segment', 'targeting_role', 'enum', 'Targeting Role', null, 'dimension', false, false),
  ('campaign_segment', 'weight', 'number', 'Weight', null, null, false, false)
on conflict (collection_name, name) do update set
  type = excluded.type,
  label = excluded.label,
  cardinality = excluded.cardinality,
  reporting_role = excluded.reporting_role,
  searchable = excluded.searchable,
  embeddable = excluded.embeddable;


create table if not exists public.platform_event (
  id uuid primary key default gen_random_uuid(),
  workspace_id uuid not null references public.workspace(id) on delete cascade,
  event_type text not null,
  subject_type text not null,
  subject_ref text not null,
  actor_ref text,
  source text not null check (source in ('internal', 'external')),
  properties jsonb,
  occurred_at timestamptz not null,
  ingested_at timestamptz not null,
  created_at timestamptz not null default now(),
  updated_at timestamptz not null default now()
);

alter table public.platform_event enable row level security;
grant select, insert, update, delete on public.platform_event to authenticated;
grant select, insert, update, delete on public.platform_event to service_role;
create policy platform_event_rw on public.platform_event for all to authenticated
  using (public.is_workspace_member(workspace_id))
  with check (public.is_workspace_member(workspace_id));



create or replace function public.platform_event_delete_chunks()
returns trigger
language plpgsql
security definer
set search_path = ''
as $$
begin
  delete from public.search_chunk where source_table = 'platform_event' and source_id = old.id;
  return old;
end;
$$;
revoke all on function public.platform_event_delete_chunks() from public, anon, authenticated;

create trigger platform_event_delete_chunks_tg
  after delete on public.platform_event
  for each row execute function public.platform_event_delete_chunks();

insert into public.movp_collections (name, label, label_plural, workspace_scoped)
values ('platform_event', 'Platform Event', 'Platform Events', true)
on conflict (name) do update set label = excluded.label, label_plural = excluded.label_plural, workspace_scoped = excluded.workspace_scoped;

insert into public.movp_fields (collection_name, name, type, label, cardinality, reporting_role, searchable, embeddable)
values
  ('platform_event', 'event_type', 'text', 'Event Type', null, 'dimension', false, false),
  ('platform_event', 'subject_type', 'text', 'Subject Type', null, 'dimension', false, false),
  ('platform_event', 'subject_ref', 'text', 'Subject Ref', null, null, false, false),
  ('platform_event', 'actor_ref', 'text', 'Actor Ref', null, null, false, false),
  ('platform_event', 'source', 'enum', 'Source', null, 'dimension', false, false),
  ('platform_event', 'properties', 'json', 'Properties', null, null, false, false),
  ('platform_event', 'occurred_at', 'datetime', 'Occurred At', null, 'dimension', false, false),
  ('platform_event', 'ingested_at', 'datetime', 'Ingested At', null, null, false, false)
on conflict (collection_name, name) do update set
  type = excluded.type,
  label = excluded.label,
  cardinality = excluded.cardinality,
  reporting_role = excluded.reporting_role,
  searchable = excluded.searchable,
  embeddable = excluded.embeddable;


create table if not exists public.segment (
  id uuid primary key default gen_random_uuid(),
  workspace_id uuid not null references public.workspace(id) on delete cascade,
  name text not null,
  description text,
  owner_ref text,
  active boolean,
  mode text check (mode in ('dynamic', 'static')),
  search_vector tsvector,
  created_at timestamptz not null default now(),
  updated_at timestamptz not null default now()
);

alter table public.segment enable row level security;
grant select, insert, update, delete on public.segment to authenticated;
grant select, insert, update, delete on public.segment to service_role;
create policy segment_rw on public.segment for all to authenticated
  using (public.is_workspace_member(workspace_id))
  with check (public.is_workspace_member(workspace_id));

create or replace function public.segment_search_vector_update()
returns trigger
language plpgsql
as $$
begin
  new.search_vector := to_tsvector('english', coalesce(new.name, '') || ' ' || coalesce(new.description, ''));
  return new;
end;
$$;

create trigger segment_search_vector_tg
  before insert or update on public.segment
  for each row execute function public.segment_search_vector_update();

create index segment_search_idx on public.segment using gin (search_vector);


create or replace function public.segment_delete_chunks()
returns trigger
language plpgsql
security definer
set search_path = ''
as $$
begin
  delete from public.search_chunk where source_table = 'segment' and source_id = old.id;
  return old;
end;
$$;
revoke all on function public.segment_delete_chunks() from public, anon, authenticated;

create trigger segment_delete_chunks_tg
  after delete on public.segment
  for each row execute function public.segment_delete_chunks();

insert into public.movp_collections (name, label, label_plural, workspace_scoped)
values ('segment', 'Segment', 'Segments', true)
on conflict (name) do update set label = excluded.label, label_plural = excluded.label_plural, workspace_scoped = excluded.workspace_scoped;

insert into public.movp_fields (collection_name, name, type, label, cardinality, reporting_role, searchable, embeddable)
values
  ('segment', 'name', 'text', 'Name', null, null, true, false),
  ('segment', 'description', 'richText', 'Description', null, null, true, false),
  ('segment', 'owner_ref', 'text', 'Owner Ref', null, null, false, false),
  ('segment', 'active', 'boolean', 'Active', null, 'dimension', false, false),
  ('segment', 'mode', 'enum', 'Mode', null, 'dimension', false, false)
on conflict (collection_name, name) do update set
  type = excluded.type,
  label = excluded.label,
  cardinality = excluded.cardinality,
  reporting_role = excluded.reporting_role,
  searchable = excluded.searchable,
  embeddable = excluded.embeddable;


create table if not exists public.segment_rule (
  id uuid primary key default gen_random_uuid(),
  workspace_id uuid not null references public.workspace(id) on delete cascade,
  predicate jsonb,
  version numeric,
  active boolean,
  description text,
  segment_id uuid not null references public.segment(id) on delete cascade,
  created_at timestamptz not null default now(),
  updated_at timestamptz not null default now()
);

alter table public.segment_rule enable row level security;
grant select, insert, update, delete on public.segment_rule to authenticated;
grant select, insert, update, delete on public.segment_rule to service_role;
create policy segment_rule_rw on public.segment_rule for all to authenticated
  using (public.is_workspace_member(workspace_id))
  with check (public.is_workspace_member(workspace_id));



create or replace function public.segment_rule_delete_chunks()
returns trigger
language plpgsql
security definer
set search_path = ''
as $$
begin
  delete from public.search_chunk where source_table = 'segment_rule' and source_id = old.id;
  return old;
end;
$$;
revoke all on function public.segment_rule_delete_chunks() from public, anon, authenticated;

create trigger segment_rule_delete_chunks_tg
  after delete on public.segment_rule
  for each row execute function public.segment_rule_delete_chunks();

insert into public.movp_collections (name, label, label_plural, workspace_scoped)
values ('segment_rule', 'Segment Rule', 'Segment Rules', true)
on conflict (name) do update set label = excluded.label, label_plural = excluded.label_plural, workspace_scoped = excluded.workspace_scoped;

insert into public.movp_fields (collection_name, name, type, label, cardinality, reporting_role, searchable, embeddable)
values
  ('segment_rule', 'segment', 'relation', 'Segment', 'many-to-one', null, false, false),
  ('segment_rule', 'predicate', 'json', 'Predicate', null, null, false, false),
  ('segment_rule', 'version', 'number', 'Version', null, null, false, false),
  ('segment_rule', 'active', 'boolean', 'Active', null, 'dimension', false, false),
  ('segment_rule', 'description', 'text', 'Description', null, null, false, false)
on conflict (collection_name, name) do update set
  type = excluded.type,
  label = excluded.label,
  cardinality = excluded.cardinality,
  reporting_role = excluded.reporting_role,
  searchable = excluded.searchable,
  embeddable = excluded.embeddable;


create table if not exists public.segment_membership (
  id uuid primary key default gen_random_uuid(),
  workspace_id uuid not null references public.workspace(id) on delete cascade,
  subject_type text,
  subject_ref text not null,
  first_matched_at timestamptz,
  evaluated_at timestamptz,
  evidence jsonb,
  segment_id uuid not null references public.segment(id) on delete cascade,
  matched_rule_id uuid references public.segment_rule(id) on delete set null,
  created_at timestamptz not null default now(),
  updated_at timestamptz not null default now()
);

alter table public.segment_membership enable row level security;
grant select, insert, update, delete on public.segment_membership to authenticated;
grant select, insert, update, delete on public.segment_membership to service_role;
create policy segment_membership_rw on public.segment_membership for all to authenticated
  using (public.is_workspace_member(workspace_id))
  with check (public.is_workspace_member(workspace_id));



create or replace function public.segment_membership_delete_chunks()
returns trigger
language plpgsql
security definer
set search_path = ''
as $$
begin
  delete from public.search_chunk where source_table = 'segment_membership' and source_id = old.id;
  return old;
end;
$$;
revoke all on function public.segment_membership_delete_chunks() from public, anon, authenticated;

create trigger segment_membership_delete_chunks_tg
  after delete on public.segment_membership
  for each row execute function public.segment_membership_delete_chunks();

insert into public.movp_collections (name, label, label_plural, workspace_scoped)
values ('segment_membership', 'Segment Membership', 'Segment Memberships', true)
on conflict (name) do update set label = excluded.label, label_plural = excluded.label_plural, workspace_scoped = excluded.workspace_scoped;

insert into public.movp_fields (collection_name, name, type, label, cardinality, reporting_role, searchable, embeddable)
values
  ('segment_membership', 'segment', 'relation', 'Segment', 'many-to-one', null, false, false),
  ('segment_membership', 'subject_type', 'text', 'Subject Type', null, 'dimension', false, false),
  ('segment_membership', 'subject_ref', 'text', 'Subject Ref', null, null, false, false),
  ('segment_membership', 'matched_rule', 'relation', 'Matched Rule', 'many-to-one', null, false, false),
  ('segment_membership', 'first_matched_at', 'datetime', 'First Matched At', null, null, false, false),
  ('segment_membership', 'evaluated_at', 'datetime', 'Evaluated At', null, null, false, false),
  ('segment_membership', 'evidence', 'json', 'Evidence', null, null, false, false)
on conflict (collection_name, name) do update set
  type = excluded.type,
  label = excluded.label,
  cardinality = excluded.cardinality,
  reporting_role = excluded.reporting_role,
  searchable = excluded.searchable,
  embeddable = excluded.embeddable;


create table if not exists public.segment_snapshot (
  id uuid primary key default gen_random_uuid(),
  workspace_id uuid not null references public.workspace(id) on delete cascade,
  taken_at timestamptz,
  reason text check (reason in ('on_demand', 'scheduled', 'campaign_launch')),
  rule_version_set jsonb,
  member_count numeric,
  segment_id uuid not null references public.segment(id) on delete cascade,
  created_at timestamptz not null default now(),
  updated_at timestamptz not null default now()
);

alter table public.segment_snapshot enable row level security;
grant select, insert, update, delete on public.segment_snapshot to authenticated;
grant select, insert, update, delete on public.segment_snapshot to service_role;
create policy segment_snapshot_rw on public.segment_snapshot for all to authenticated
  using (public.is_workspace_member(workspace_id))
  with check (public.is_workspace_member(workspace_id));



create or replace function public.segment_snapshot_delete_chunks()
returns trigger
language plpgsql
security definer
set search_path = ''
as $$
begin
  delete from public.search_chunk where source_table = 'segment_snapshot' and source_id = old.id;
  return old;
end;
$$;
revoke all on function public.segment_snapshot_delete_chunks() from public, anon, authenticated;

create trigger segment_snapshot_delete_chunks_tg
  after delete on public.segment_snapshot
  for each row execute function public.segment_snapshot_delete_chunks();

insert into public.movp_collections (name, label, label_plural, workspace_scoped)
values ('segment_snapshot', 'Segment Snapshot', 'Segment Snapshots', true)
on conflict (name) do update set label = excluded.label, label_plural = excluded.label_plural, workspace_scoped = excluded.workspace_scoped;

insert into public.movp_fields (collection_name, name, type, label, cardinality, reporting_role, searchable, embeddable)
values
  ('segment_snapshot', 'segment', 'relation', 'Segment', 'many-to-one', null, false, false),
  ('segment_snapshot', 'taken_at', 'datetime', 'Taken At', null, null, false, false),
  ('segment_snapshot', 'reason', 'enum', 'Reason', null, 'dimension', false, false),
  ('segment_snapshot', 'rule_version_set', 'json', 'Rule Version Set', null, null, false, false),
  ('segment_snapshot', 'member_count', 'number', 'Member Count', null, 'measure', false, false)
on conflict (collection_name, name) do update set
  type = excluded.type,
  label = excluded.label,
  cardinality = excluded.cardinality,
  reporting_role = excluded.reporting_role,
  searchable = excluded.searchable,
  embeddable = excluded.embeddable;


create table if not exists public.segment_snapshot_member (
  id uuid primary key default gen_random_uuid(),
  workspace_id uuid not null references public.workspace(id) on delete cascade,
  subject_ref text not null,
  evidence jsonb,
  snapshot_id uuid not null references public.segment_snapshot(id) on delete cascade,
  matched_rule_id uuid references public.segment_rule(id) on delete set null,
  created_at timestamptz not null default now(),
  updated_at timestamptz not null default now()
);

alter table public.segment_snapshot_member enable row level security;
grant select, insert, update, delete on public.segment_snapshot_member to authenticated;
grant select, insert, update, delete on public.segment_snapshot_member to service_role;
create policy segment_snapshot_member_rw on public.segment_snapshot_member for all to authenticated
  using (public.is_workspace_member(workspace_id))
  with check (public.is_workspace_member(workspace_id));



create or replace function public.segment_snapshot_member_delete_chunks()
returns trigger
language plpgsql
security definer
set search_path = ''
as $$
begin
  delete from public.search_chunk where source_table = 'segment_snapshot_member' and source_id = old.id;
  return old;
end;
$$;
revoke all on function public.segment_snapshot_member_delete_chunks() from public, anon, authenticated;

create trigger segment_snapshot_member_delete_chunks_tg
  after delete on public.segment_snapshot_member
  for each row execute function public.segment_snapshot_member_delete_chunks();

insert into public.movp_collections (name, label, label_plural, workspace_scoped)
values ('segment_snapshot_member', 'Segment Snapshot Member', 'Segment Snapshot Members', true)
on conflict (name) do update set label = excluded.label, label_plural = excluded.label_plural, workspace_scoped = excluded.workspace_scoped;

insert into public.movp_fields (collection_name, name, type, label, cardinality, reporting_role, searchable, embeddable)
values
  ('segment_snapshot_member', 'snapshot', 'relation', 'Snapshot', 'many-to-one', null, false, false),
  ('segment_snapshot_member', 'subject_ref', 'text', 'Subject Ref', null, null, false, false),
  ('segment_snapshot_member', 'matched_rule', 'relation', 'Matched Rule', 'many-to-one', null, false, false),
  ('segment_snapshot_member', 'evidence', 'json', 'Evidence', null, null, false, false)
on conflict (collection_name, name) do update set
  type = excluded.type,
  label = excluded.label,
  cardinality = excluded.cardinality,
  reporting_role = excluded.reporting_role,
  searchable = excluded.searchable,
  embeddable = excluded.embeddable;


create table if not exists public.segment_recompute_run (
  id uuid primary key default gen_random_uuid(),
  workspace_id uuid not null references public.workspace(id) on delete cascade,
  mode text,
  started_at timestamptz,
  finished_at timestamptz,
  added_count numeric,
  removed_count numeric,
  evaluated_count numeric,
  idempotency_key text,
  outcome_code text,
  segment_id uuid not null references public.segment(id) on delete cascade,
  created_at timestamptz not null default now(),
  updated_at timestamptz not null default now()
);

alter table public.segment_recompute_run enable row level security;
grant select, insert, update, delete on public.segment_recompute_run to authenticated;
grant select, insert, update, delete on public.segment_recompute_run to service_role;
create policy segment_recompute_run_rw on public.segment_recompute_run for all to authenticated
  using (public.is_workspace_member(workspace_id))
  with check (public.is_workspace_member(workspace_id));



create or replace function public.segment_recompute_run_delete_chunks()
returns trigger
language plpgsql
security definer
set search_path = ''
as $$
begin
  delete from public.search_chunk where source_table = 'segment_recompute_run' and source_id = old.id;
  return old;
end;
$$;
revoke all on function public.segment_recompute_run_delete_chunks() from public, anon, authenticated;

create trigger segment_recompute_run_delete_chunks_tg
  after delete on public.segment_recompute_run
  for each row execute function public.segment_recompute_run_delete_chunks();

insert into public.movp_collections (name, label, label_plural, workspace_scoped)
values ('segment_recompute_run', 'Segment Recompute Run', 'Segment Recompute Runs', true)
on conflict (name) do update set label = excluded.label, label_plural = excluded.label_plural, workspace_scoped = excluded.workspace_scoped;

insert into public.movp_fields (collection_name, name, type, label, cardinality, reporting_role, searchable, embeddable)
values
  ('segment_recompute_run', 'segment', 'relation', 'Segment', 'many-to-one', null, false, false),
  ('segment_recompute_run', 'mode', 'text', 'Mode', null, 'dimension', false, false),
  ('segment_recompute_run', 'started_at', 'datetime', 'Started At', null, null, false, false),
  ('segment_recompute_run', 'finished_at', 'datetime', 'Finished At', null, null, false, false),
  ('segment_recompute_run', 'added_count', 'number', 'Added Count', null, 'measure', false, false),
  ('segment_recompute_run', 'removed_count', 'number', 'Removed Count', null, 'measure', false, false),
  ('segment_recompute_run', 'evaluated_count', 'number', 'Evaluated Count', null, 'measure', false, false),
  ('segment_recompute_run', 'idempotency_key', 'text', 'Idempotency Key', null, null, false, false),
  ('segment_recompute_run', 'outcome_code', 'text', 'Outcome Code', null, null, false, false)
on conflict (collection_name, name) do update set
  type = excluded.type,
  label = excluded.label,
  cardinality = excluded.cardinality,
  reporting_role = excluded.reporting_role,
  searchable = excluded.searchable,
  embeddable = excluded.embeddable;


create table if not exists public.automation_rule (
  id uuid primary key default gen_random_uuid(),
  workspace_id uuid not null references public.workspace(id) on delete cascade,
  condition jsonb not null,
  action_type text not null check (action_type in ('notify', 'deliver_webhook', 'create_task', 'advance_deliverable', 'recompute_segment', 'emit_event')),
  action_config jsonb not null,
  enabled boolean not null default true,
  priority numeric not null default 100,
  trigger_event_type_id uuid not null references public.event_type(id) on delete cascade,
  created_at timestamptz not null default now(),
  updated_at timestamptz not null default now()
);

alter table public.automation_rule enable row level security;
grant select, insert, update, delete on public.automation_rule to authenticated;
grant select, insert, update, delete on public.automation_rule to service_role;
create policy automation_rule_rw on public.automation_rule for all to authenticated
  using (public.is_workspace_member(workspace_id))
  with check (public.is_workspace_member(workspace_id));



create or replace function public.automation_rule_delete_chunks()
returns trigger
language plpgsql
security definer
set search_path = ''
as $$
begin
  delete from public.search_chunk where source_table = 'automation_rule' and source_id = old.id;
  return old;
end;
$$;
revoke all on function public.automation_rule_delete_chunks() from public, anon, authenticated;

create trigger automation_rule_delete_chunks_tg
  after delete on public.automation_rule
  for each row execute function public.automation_rule_delete_chunks();

insert into public.movp_collections (name, label, label_plural, workspace_scoped)
values ('automation_rule', 'Automation Rule', 'Automation Rules', true)
on conflict (name) do update set label = excluded.label, label_plural = excluded.label_plural, workspace_scoped = excluded.workspace_scoped;

insert into public.movp_fields (collection_name, name, type, label, cardinality, reporting_role, searchable, embeddable)
values
  ('automation_rule', 'trigger_event_type', 'relation', 'Trigger Event Type', 'many-to-one', null, false, false),
  ('automation_rule', 'condition', 'json', 'Condition', null, null, false, false),
  ('automation_rule', 'action_type', 'enum', 'Action Type', null, 'dimension', false, false),
  ('automation_rule', 'action_config', 'json', 'Action Config', null, null, false, false),
  ('automation_rule', 'enabled', 'boolean', 'Enabled', null, null, false, false),
  ('automation_rule', 'priority', 'number', 'Priority', null, null, false, false)
on conflict (collection_name, name) do update set
  type = excluded.type,
  label = excluded.label,
  cardinality = excluded.cardinality,
  reporting_role = excluded.reporting_role,
  searchable = excluded.searchable,
  embeddable = excluded.embeddable;


create table if not exists public.webhook_subscription (
  id uuid primary key default gen_random_uuid(),
  workspace_id uuid not null references public.workspace(id) on delete cascade,
  url text not null,
  filter jsonb,
  active boolean not null default true,
  secret_set boolean not null default false,
  secret_last_rotated_at timestamptz,
  internal_webhook_id uuid,
  event_type_id uuid not null references public.event_type(id) on delete cascade,
  created_at timestamptz not null default now(),
  updated_at timestamptz not null default now()
);

alter table public.webhook_subscription enable row level security;
grant select, insert, update, delete on public.webhook_subscription to authenticated;
grant select, insert, update, delete on public.webhook_subscription to service_role;
create policy webhook_subscription_rw on public.webhook_subscription for all to authenticated
  using (public.is_workspace_member(workspace_id))
  with check (public.is_workspace_member(workspace_id));



create or replace function public.webhook_subscription_delete_chunks()
returns trigger
language plpgsql
security definer
set search_path = ''
as $$
begin
  delete from public.search_chunk where source_table = 'webhook_subscription' and source_id = old.id;
  return old;
end;
$$;
revoke all on function public.webhook_subscription_delete_chunks() from public, anon, authenticated;

create trigger webhook_subscription_delete_chunks_tg
  after delete on public.webhook_subscription
  for each row execute function public.webhook_subscription_delete_chunks();

insert into public.movp_collections (name, label, label_plural, workspace_scoped)
values ('webhook_subscription', 'Webhook Subscription', 'Webhook Subscriptions', true)
on conflict (name) do update set label = excluded.label, label_plural = excluded.label_plural, workspace_scoped = excluded.workspace_scoped;

insert into public.movp_fields (collection_name, name, type, label, cardinality, reporting_role, searchable, embeddable)
values
  ('webhook_subscription', 'event_type', 'relation', 'Event Type', 'many-to-one', null, false, false),
  ('webhook_subscription', 'url', 'text', 'URL', null, null, false, false),
  ('webhook_subscription', 'filter', 'json', 'Filter', null, null, false, false),
  ('webhook_subscription', 'active', 'boolean', 'Active', null, null, false, false),
  ('webhook_subscription', 'secret_set', 'boolean', 'Secret Set', null, null, false, false),
  ('webhook_subscription', 'secret_last_rotated_at', 'datetime', 'Secret Last Rotated At', null, null, false, false),
  ('webhook_subscription', 'internal_webhook_id', 'uuid', 'Internal Webhook', null, null, false, false)
on conflict (collection_name, name) do update set
  type = excluded.type,
  label = excluded.label,
  cardinality = excluded.cardinality,
  reporting_role = excluded.reporting_role,
  searchable = excluded.searchable,
  embeddable = excluded.embeddable;


create table if not exists public.workflow_run (
  id uuid primary key default gen_random_uuid(),
  workspace_id uuid not null references public.workspace(id) on delete cascade,
  source_event_id uuid not null,
  event_type text not null,
  matched boolean not null default false,
  action_type text not null,
  outcome text not null check (outcome in ('succeeded', 'failed', 'skipped', 'enqueued')),
  job_id uuid,
  error_code text,
  trace_id text,
  automation_rule_id uuid not null references public.automation_rule(id) on delete cascade,
  created_at timestamptz not null default now(),
  updated_at timestamptz not null default now()
);

alter table public.workflow_run enable row level security;
grant select, insert, update, delete on public.workflow_run to authenticated;
grant select, insert, update, delete on public.workflow_run to service_role;
create policy workflow_run_rw on public.workflow_run for all to authenticated
  using (public.is_workspace_member(workspace_id))
  with check (public.is_workspace_member(workspace_id));



create or replace function public.workflow_run_delete_chunks()
returns trigger
language plpgsql
security definer
set search_path = ''
as $$
begin
  delete from public.search_chunk where source_table = 'workflow_run' and source_id = old.id;
  return old;
end;
$$;
revoke all on function public.workflow_run_delete_chunks() from public, anon, authenticated;

create trigger workflow_run_delete_chunks_tg
  after delete on public.workflow_run
  for each row execute function public.workflow_run_delete_chunks();

insert into public.movp_collections (name, label, label_plural, workspace_scoped)
values ('workflow_run', 'Workflow Run', 'Workflow Runs', true)
on conflict (name) do update set label = excluded.label, label_plural = excluded.label_plural, workspace_scoped = excluded.workspace_scoped;

insert into public.movp_fields (collection_name, name, type, label, cardinality, reporting_role, searchable, embeddable)
values
  ('workflow_run', 'source_event_id', 'uuid', 'Source Event ID', null, null, false, false),
  ('workflow_run', 'event_type', 'text', 'Event Type', null, 'dimension', false, false),
  ('workflow_run', 'automation_rule', 'relation', 'Automation Rule', 'many-to-one', 'dimension', false, false),
  ('workflow_run', 'matched', 'boolean', 'Matched', null, null, false, false),
  ('workflow_run', 'action_type', 'text', 'Action Type', null, 'dimension', false, false),
  ('workflow_run', 'outcome', 'enum', 'Outcome', null, 'dimension', false, false),
  ('workflow_run', 'job_id', 'uuid', 'Job ID', null, null, false, false),
  ('workflow_run', 'error_code', 'text', 'Error Code', null, null, false, false),
  ('workflow_run', 'trace_id', 'text', 'Trace ID', null, null, false, false)
on conflict (collection_name, name) do update set
  type = excluded.type,
  label = excluded.label,
  cardinality = excluded.cardinality,
  reporting_role = excluded.reporting_role,
  searchable = excluded.searchable,
  embeddable = excluded.embeddable;


create unique index if not exists event_type_key_unique on public.event_type (key);
insert into public.event_type (key, domain, label, payload_schema, schema_version, active, description)
values
  ('comment.added', 'collaboration', 'Comment added', '{"type":"object"}', 1, true, null),
  ('comment.replied', 'collaboration', 'Comment replied', '{"type":"object"}', 1, true, null),
  ('user.mentioned', 'collaboration', 'User mentioned', '{"type":"object"}', 1, true, null),
  ('item.liked', 'collaboration', 'Item liked', '{"type":"object"}', 1, true, null),
  ('item.disliked', 'collaboration', 'Item disliked', '{"type":"object"}', 1, true, null),
  ('item.saved', 'collaboration', 'Item saved', '{"type":"object"}', 1, true, null),
  ('item.shared', 'collaboration', 'Item shared', '{"type":"object"}', 1, true, null),
  ('task.created', 'task', 'Task created', '{"type":"object"}', 1, true, null),
  ('task.assigned', 'task', 'Task assigned', '{"type":"object"}', 1, true, null),
  ('task.observer_added', 'task', 'Task observer added', '{"type":"object"}', 1, true, null),
  ('task.status_changed', 'task', 'Task status changed', '{"type":"object"}', 1, true, null),
  ('task.completed', 'task', 'Task completed', '{"type":"object"}', 1, true, null),
  ('task.reopened', 'task', 'Task reopened', '{"type":"object"}', 1, true, null),
  ('task.dependency_blocked', 'task', 'Task dependency blocked', '{"type":"object"}', 1, true, null),
  ('task.due_soon', 'task', 'Task due soon', '{"type":"object"}', 1, true, null),
  ('content.created', 'cms', 'Content created', '{"type":"object"}', 1, true, null),
  ('content.revision_created', 'cms', 'Content revision created', '{"type":"object"}', 1, true, null),
  ('content.submitted_for_approval', 'cms', 'Content submitted for approval', '{"type":"object"}', 1, true, null),
  ('content.approved', 'cms', 'Content approved', '{"type":"object"}', 1, true, null),
  ('content.rejected', 'cms', 'Content rejected', '{"type":"object"}', 1, true, null),
  ('content.published', 'cms', 'Content published', '{"type":"object"}', 1, true, null),
  ('content.unpublished', 'cms', 'Content unpublished', '{"type":"object"}', 1, true, null),
  ('content.scheduled', 'cms', 'Content scheduled', '{"type":"object"}', 1, true, null),
  ('campaign.created', 'campaign', 'Campaign created', '{"type":"object"}', 1, true, null),
  ('campaign.started', 'campaign', 'Campaign started', '{"type":"object"}', 1, true, null),
  ('campaign.ended', 'campaign', 'Campaign ended', '{"type":"object"}', 1, true, null),
  ('deliverable.created', 'campaign', 'Deliverable created', '{"type":"object"}', 1, true, null),
  ('deliverable.assigned', 'campaign', 'Deliverable assigned', '{"type":"object"}', 1, true, null),
  ('deliverable.completed', 'campaign', 'Deliverable completed', '{"type":"object"}', 1, true, null),
  ('deliverable.due_soon', 'campaign', 'Deliverable due soon', '{"type":"object"}', 1, true, null),
  ('segment.membership_changed', 'segmentation', 'Segment membership changed', '{"type":"object"}', 1, true, null),
  ('segment.recomputed', 'segmentation', 'Segment recomputed', '{"type":"object"}', 1, true, null)
on conflict (key) do update set
  domain = excluded.domain,
  label = excluded.label,
  payload_schema = excluded.payload_schema,
  schema_version = excluded.schema_version,
  active = excluded.active,
  description = excluded.description;