-- generated by @movp/codegen - do not edit by hand


create extension if not exists vector with schema extensions;
create extension if not exists pgcrypto with schema extensions;
create schema if not exists movp_internal;

create table if not exists public.movp_collections (
  name text primary key,
  label text not null,
  label_plural text not null,
  workspace_scoped boolean not null
);

create table if not exists public.movp_fields (
  collection_name text not null references public.movp_collections(name) on delete cascade,
  name text not null,
  type text not null,
  label text not null,
  cardinality text,
  reporting_role text,
  searchable boolean not null default false,
  embeddable boolean not null default false,
  primary key (collection_name, name)
);
grant select on public.movp_collections to authenticated;
grant select on public.movp_fields to authenticated;
grant select, insert, update, delete on public.movp_collections to service_role;
grant select, insert, update, delete on public.movp_fields to service_role;

create table if not exists movp_internal.movp_job_kind (
  kind text primary key
);
insert into movp_internal.movp_job_kind (kind)
values ('embed'), ('webhook'), ('notify')
on conflict (kind) do nothing;
alter table movp_internal.movp_job_kind enable row level security;
revoke all on movp_internal.movp_job_kind from anon, authenticated;
grant all on movp_internal.movp_job_kind to service_role;

create table if not exists movp_internal.movp_jobs (
  id uuid primary key default gen_random_uuid(),
  kind text not null references movp_internal.movp_job_kind(kind),
  idempotency_key text not null,
  payload jsonb not null default '{}',
  workspace_id uuid references public.workspace(id) on delete cascade,
  attempts int not null default 0,
  max_attempts int not null default 8,
  status text not null default 'pending' check (status in ('pending', 'running', 'done', 'failed', 'dead')),
  next_run_at timestamptz not null default now(),
  locked_by text,
  locked_at timestamptz,
  lease_expires_at timestamptz,
  last_error_code text,
  created_at timestamptz not null default now(),
  updated_at timestamptz not null default now(),
  unique (kind, idempotency_key)
);
alter table movp_internal.movp_jobs enable row level security;
create index if not exists movp_jobs_due on movp_internal.movp_jobs (status, next_run_at, lease_expires_at);
revoke all on movp_internal.movp_jobs from anon, authenticated;
grant all on movp_internal.movp_jobs to service_role;

create table if not exists public.search_chunk (
  id uuid primary key default gen_random_uuid(),
  workspace_id uuid not null references public.workspace(id) on delete cascade,
  source_table text not null,
  source_id uuid not null,
  field text not null,
  chunk_index int not null,
  content text not null,
  embedding extensions.vector(384) not null,
  content_hash text not null,
  created_at timestamptz not null default now(),
  unique (source_table, source_id, field, chunk_index)
);
alter table public.search_chunk enable row level security;
grant select on public.search_chunk to authenticated;
grant select, insert, update, delete on public.search_chunk to service_role;
create policy search_chunk_read on public.search_chunk
  for select to authenticated
  using (public.is_workspace_member(workspace_id));
create index if not exists search_chunk_hnsw on public.search_chunk using hnsw (embedding extensions.vector_cosine_ops);

create or replace function public.match_chunks(
  query_embedding extensions.vector(384),
  ws uuid,
  source_table_filter text default null,
  match_count int default 10
)
returns table(source_table text, source_id uuid, field text, chunk_index int, content text, distance float)
language plpgsql
set search_path = ''
as $$
begin
  perform set_config('hnsw.iterative_scan', 'strict_order', true);
  return query
  select c.source_table, c.source_id, c.field, c.chunk_index, c.content,
         c.embedding OPERATOR(extensions.<=>) query_embedding as distance
    from public.search_chunk c
   where c.workspace_id = ws
     and (source_table_filter is null or c.source_table = source_table_filter)
   order by c.embedding OPERATOR(extensions.<=>) query_embedding
   limit least(greatest(match_count, 1), 50);
end;
$$;
grant execute on function public.match_chunks(extensions.vector(384), uuid, text, int) to authenticated;

create table if not exists public.edges (
  workspace_id uuid not null references public.workspace(id) on delete cascade,
  src_type text not null,
  src_id uuid not null,
  rel text not null,
  dst_type text not null,
  dst_id uuid not null,
  created_at timestamptz not null default now(),
  unique (workspace_id, src_type, src_id, rel, dst_type, dst_id)
);
alter table public.edges enable row level security;
grant select, insert, update, delete on public.edges to authenticated;
grant select, insert, update, delete on public.edges to service_role;
create policy edges_rw on public.edges for all to authenticated
  using (public.is_workspace_member(workspace_id))
  with check (public.is_workspace_member(workspace_id));
create index if not exists edges_src_idx on public.edges (src_type, src_id);
create index if not exists edges_dst_idx on public.edges (dst_type, dst_id);


create table if not exists public.note (
  id uuid primary key default gen_random_uuid(),
  workspace_id uuid not null references public.workspace(id) on delete cascade,
  title text not null,
  body text,
  status text not null default 'draft' check (status in ('draft', 'published', 'archived')),
  search_vector tsvector,
  created_at timestamptz not null default now(),
  updated_at timestamptz not null default now()
);
alter table public.note enable row level security;
grant select, insert, update, delete on public.note to authenticated;
grant select, insert, update, delete on public.note to service_role;
create policy note_rw on public.note for all to authenticated
  using (public.is_workspace_member(workspace_id))
  with check (public.is_workspace_member(workspace_id));

create or replace function public.note_search_vector_update()
returns trigger
language plpgsql
as $$
begin
  new.search_vector := to_tsvector('english', coalesce(new.title, '') || ' ' || coalesce(new.body, ''));
  return new;
end;
$$;

create trigger note_search_vector_tg
  before insert or update on public.note
  for each row execute function public.note_search_vector_update();

create index note_search_idx on public.note using gin (search_vector);

create or replace function public.note_body_enqueue_embed()
returns trigger
language plpgsql
security definer
set search_path = ''
as $$
declare
  v_hash text;
begin
  v_hash := encode(extensions.digest(coalesce(new.body, ''), 'sha256'), 'hex');
  if tg_op = 'UPDATE' and v_hash = encode(extensions.digest(coalesce(old.body, ''), 'sha256'), 'hex') then
    return new;
  end if;

  insert into movp_internal.movp_jobs (kind, idempotency_key, payload, workspace_id)
  values (
    'embed',
    'note' || ':' || new.id::text || ':body:' || v_hash,
    jsonb_build_object('source_table', 'note', 'source_id', new.id, 'field', 'body', 'content_hash', v_hash),
    new.workspace_id
  )
  on conflict (kind, idempotency_key) do nothing;
  return new;
end;
$$;
revoke all on function public.note_body_enqueue_embed() from public, anon, authenticated;

create trigger note_body_enqueue_embed_tg
  after insert or update on public.note
  for each row execute function public.note_body_enqueue_embed();

create or replace function public.note_delete_chunks()
returns trigger
language plpgsql
security definer
set search_path = ''
as $$
begin
  delete from public.search_chunk where source_table = 'note' and source_id = old.id;
  return old;
end;
$$;
revoke all on function public.note_delete_chunks() from public, anon, authenticated;

create trigger note_delete_chunks_tg
  after delete on public.note
  for each row execute function public.note_delete_chunks();

insert into public.movp_collections (name, label, label_plural, workspace_scoped)
values ('note', 'Note', 'Notes', true)
on conflict (name) do update set label = excluded.label, label_plural = excluded.label_plural, workspace_scoped = excluded.workspace_scoped;

insert into public.movp_fields (collection_name, name, type, label, cardinality, reporting_role, searchable, embeddable)
values
  ('note', 'title', 'text', 'Title', null, null, true, false),
  ('note', 'body', 'richText', 'Body', null, null, true, true),
  ('note', 'status', 'enum', 'Status', null, 'dimension', false, false),
  ('note', 'tags', 'relation', 'Tags', 'many-to-many', null, false, false)
on conflict (collection_name, name) do update set
  type = excluded.type,
  label = excluded.label,
  cardinality = excluded.cardinality,
  reporting_role = excluded.reporting_role,
  searchable = excluded.searchable,
  embeddable = excluded.embeddable;


create table if not exists public.tag (
  id uuid primary key default gen_random_uuid(),
  workspace_id uuid not null references public.workspace(id) on delete cascade,
  name text not null,
  search_vector tsvector,
  created_at timestamptz not null default now(),
  updated_at timestamptz not null default now()
);
alter table public.tag enable row level security;
grant select, insert, update, delete on public.tag to authenticated;
grant select, insert, update, delete on public.tag to service_role;
create policy tag_rw on public.tag for all to authenticated
  using (public.is_workspace_member(workspace_id))
  with check (public.is_workspace_member(workspace_id));

create or replace function public.tag_search_vector_update()
returns trigger
language plpgsql
as $$
begin
  new.search_vector := to_tsvector('english', coalesce(new.name, ''));
  return new;
end;
$$;

create trigger tag_search_vector_tg
  before insert or update on public.tag
  for each row execute function public.tag_search_vector_update();

create index tag_search_idx on public.tag using gin (search_vector);


create or replace function public.tag_delete_chunks()
returns trigger
language plpgsql
security definer
set search_path = ''
as $$
begin
  delete from public.search_chunk where source_table = 'tag' and source_id = old.id;
  return old;
end;
$$;
revoke all on function public.tag_delete_chunks() from public, anon, authenticated;

create trigger tag_delete_chunks_tg
  after delete on public.tag
  for each row execute function public.tag_delete_chunks();

insert into public.movp_collections (name, label, label_plural, workspace_scoped)
values ('tag', 'Tag', 'Tags', true)
on conflict (name) do update set label = excluded.label, label_plural = excluded.label_plural, workspace_scoped = excluded.workspace_scoped;

insert into public.movp_fields (collection_name, name, type, label, cardinality, reporting_role, searchable, embeddable)
values
  ('tag', 'name', 'text', 'Name', null, null, true, false)
on conflict (collection_name, name) do update set
  type = excluded.type,
  label = excluded.label,
  cardinality = excluded.cardinality,
  reporting_role = excluded.reporting_role,
  searchable = excluded.searchable,
  embeddable = excluded.embeddable;


create table if not exists public.comment (
  id uuid primary key default gen_random_uuid(),
  workspace_id uuid not null references public.workspace(id) on delete cascade,
  entity_type text not null,
  entity_id uuid not null,
  body text not null,
  author_id uuid not null,
  parent_id uuid references public.comment(id) on delete set null,
  search_vector tsvector,
  created_at timestamptz not null default now(),
  updated_at timestamptz not null default now()
);
alter table public.comment enable row level security;
grant select, insert, update, delete on public.comment to authenticated;
grant select, insert, update, delete on public.comment to service_role;
create policy comment_rw on public.comment for all to authenticated
  using (public.is_workspace_member(workspace_id))
  with check (public.is_workspace_member(workspace_id));

create or replace function public.comment_search_vector_update()
returns trigger
language plpgsql
as $$
begin
  new.search_vector := to_tsvector('english', coalesce(new.body, ''));
  return new;
end;
$$;

create trigger comment_search_vector_tg
  before insert or update on public.comment
  for each row execute function public.comment_search_vector_update();

create index comment_search_idx on public.comment using gin (search_vector);


create or replace function public.comment_delete_chunks()
returns trigger
language plpgsql
security definer
set search_path = ''
as $$
begin
  delete from public.search_chunk where source_table = 'comment' and source_id = old.id;
  return old;
end;
$$;
revoke all on function public.comment_delete_chunks() from public, anon, authenticated;

create trigger comment_delete_chunks_tg
  after delete on public.comment
  for each row execute function public.comment_delete_chunks();

insert into public.movp_collections (name, label, label_plural, workspace_scoped)
values ('comment', 'Comment', 'Comments', true)
on conflict (name) do update set label = excluded.label, label_plural = excluded.label_plural, workspace_scoped = excluded.workspace_scoped;

insert into public.movp_fields (collection_name, name, type, label, cardinality, reporting_role, searchable, embeddable)
values
  ('comment', 'entity_type', 'text', 'Entity Type', null, null, false, false),
  ('comment', 'entity_id', 'uuid', 'Entity', null, null, false, false),
  ('comment', 'body', 'richText', 'Body', null, null, true, false),
  ('comment', 'author_id', 'uuid', 'Author', null, null, false, false),
  ('comment', 'parent', 'relation', 'Parent Comment', 'many-to-one', null, false, false)
on conflict (collection_name, name) do update set
  type = excluded.type,
  label = excluded.label,
  cardinality = excluded.cardinality,
  reporting_role = excluded.reporting_role,
  searchable = excluded.searchable,
  embeddable = excluded.embeddable;


create table if not exists public.reaction (
  id uuid primary key default gen_random_uuid(),
  workspace_id uuid not null references public.workspace(id) on delete cascade,
  entity_type text not null,
  entity_id uuid not null,
  user_id uuid not null,
  kind text not null check (kind in ('like', 'dislike')),
  created_at timestamptz not null default now(),
  updated_at timestamptz not null default now()
);
alter table public.reaction enable row level security;
grant select, insert, update, delete on public.reaction to authenticated;
grant select, insert, update, delete on public.reaction to service_role;
create policy reaction_rw on public.reaction for all to authenticated
  using (public.is_workspace_member(workspace_id))
  with check (public.is_workspace_member(workspace_id));



create or replace function public.reaction_delete_chunks()
returns trigger
language plpgsql
security definer
set search_path = ''
as $$
begin
  delete from public.search_chunk where source_table = 'reaction' and source_id = old.id;
  return old;
end;
$$;
revoke all on function public.reaction_delete_chunks() from public, anon, authenticated;

create trigger reaction_delete_chunks_tg
  after delete on public.reaction
  for each row execute function public.reaction_delete_chunks();

insert into public.movp_collections (name, label, label_plural, workspace_scoped)
values ('reaction', 'Reaction', 'Reactions', true)
on conflict (name) do update set label = excluded.label, label_plural = excluded.label_plural, workspace_scoped = excluded.workspace_scoped;

insert into public.movp_fields (collection_name, name, type, label, cardinality, reporting_role, searchable, embeddable)
values
  ('reaction', 'entity_type', 'text', 'Entity Type', null, null, false, false),
  ('reaction', 'entity_id', 'uuid', 'Entity', null, null, false, false),
  ('reaction', 'user_id', 'uuid', 'User', null, null, false, false),
  ('reaction', 'kind', 'enum', 'Kind', null, 'dimension', false, false)
on conflict (collection_name, name) do update set
  type = excluded.type,
  label = excluded.label,
  cardinality = excluded.cardinality,
  reporting_role = excluded.reporting_role,
  searchable = excluded.searchable,
  embeddable = excluded.embeddable;


create table if not exists public.saved_item (
  id uuid primary key default gen_random_uuid(),
  workspace_id uuid not null references public.workspace(id) on delete cascade,
  entity_type text not null,
  entity_id uuid not null,
  user_id uuid not null,
  created_at timestamptz not null default now(),
  updated_at timestamptz not null default now()
);
alter table public.saved_item enable row level security;
grant select, insert, update, delete on public.saved_item to authenticated;
grant select, insert, update, delete on public.saved_item to service_role;
create policy saved_item_rw on public.saved_item for all to authenticated
  using (public.is_workspace_member(workspace_id))
  with check (public.is_workspace_member(workspace_id));



create or replace function public.saved_item_delete_chunks()
returns trigger
language plpgsql
security definer
set search_path = ''
as $$
begin
  delete from public.search_chunk where source_table = 'saved_item' and source_id = old.id;
  return old;
end;
$$;
revoke all on function public.saved_item_delete_chunks() from public, anon, authenticated;

create trigger saved_item_delete_chunks_tg
  after delete on public.saved_item
  for each row execute function public.saved_item_delete_chunks();

insert into public.movp_collections (name, label, label_plural, workspace_scoped)
values ('saved_item', 'Saved Item', 'Saved Items', true)
on conflict (name) do update set label = excluded.label, label_plural = excluded.label_plural, workspace_scoped = excluded.workspace_scoped;

insert into public.movp_fields (collection_name, name, type, label, cardinality, reporting_role, searchable, embeddable)
values
  ('saved_item', 'entity_type', 'text', 'Entity Type', null, null, false, false),
  ('saved_item', 'entity_id', 'uuid', 'Entity', null, null, false, false),
  ('saved_item', 'user_id', 'uuid', 'User', null, null, false, false)
on conflict (collection_name, name) do update set
  type = excluded.type,
  label = excluded.label,
  cardinality = excluded.cardinality,
  reporting_role = excluded.reporting_role,
  searchable = excluded.searchable,
  embeddable = excluded.embeddable;


create table if not exists public.mention (
  id uuid primary key default gen_random_uuid(),
  workspace_id uuid not null references public.workspace(id) on delete cascade,
  mentioned_user_id uuid not null,
  entity_type text not null,
  entity_id uuid not null,
  comment_id uuid not null references public.comment(id) on delete cascade,
  created_at timestamptz not null default now(),
  updated_at timestamptz not null default now()
);
alter table public.mention enable row level security;
grant select, insert, update, delete on public.mention to authenticated;
grant select, insert, update, delete on public.mention to service_role;
create policy mention_rw on public.mention for all to authenticated
  using (public.is_workspace_member(workspace_id))
  with check (public.is_workspace_member(workspace_id));



create or replace function public.mention_delete_chunks()
returns trigger
language plpgsql
security definer
set search_path = ''
as $$
begin
  delete from public.search_chunk where source_table = 'mention' and source_id = old.id;
  return old;
end;
$$;
revoke all on function public.mention_delete_chunks() from public, anon, authenticated;

create trigger mention_delete_chunks_tg
  after delete on public.mention
  for each row execute function public.mention_delete_chunks();

insert into public.movp_collections (name, label, label_plural, workspace_scoped)
values ('mention', 'Mention', 'Mentions', true)
on conflict (name) do update set label = excluded.label, label_plural = excluded.label_plural, workspace_scoped = excluded.workspace_scoped;

insert into public.movp_fields (collection_name, name, type, label, cardinality, reporting_role, searchable, embeddable)
values
  ('mention', 'comment', 'relation', 'Comment', 'many-to-one', null, false, false),
  ('mention', 'mentioned_user_id', 'uuid', 'Mentioned User', null, null, false, false),
  ('mention', 'entity_type', 'text', 'Entity Type', null, null, false, false),
  ('mention', 'entity_id', 'uuid', 'Entity', null, null, false, false)
on conflict (collection_name, name) do update set
  type = excluded.type,
  label = excluded.label,
  cardinality = excluded.cardinality,
  reporting_role = excluded.reporting_role,
  searchable = excluded.searchable,
  embeddable = excluded.embeddable;


create table if not exists public.share_link (
  id uuid primary key default gen_random_uuid(),
  workspace_id uuid not null references public.workspace(id) on delete cascade,
  entity_type text not null,
  entity_id uuid not null,
  token_hash text not null,
  scope text not null default 'view' check (scope in ('view')),
  created_by uuid not null,
  expires_at timestamptz,
  created_at timestamptz not null default now(),
  updated_at timestamptz not null default now()
);
alter table public.share_link enable row level security;
grant select, insert, update, delete on public.share_link to authenticated;
grant select, insert, update, delete on public.share_link to service_role;
create policy share_link_rw on public.share_link for all to authenticated
  using (public.is_workspace_member(workspace_id))
  with check (public.is_workspace_member(workspace_id));



create or replace function public.share_link_delete_chunks()
returns trigger
language plpgsql
security definer
set search_path = ''
as $$
begin
  delete from public.search_chunk where source_table = 'share_link' and source_id = old.id;
  return old;
end;
$$;
revoke all on function public.share_link_delete_chunks() from public, anon, authenticated;

create trigger share_link_delete_chunks_tg
  after delete on public.share_link
  for each row execute function public.share_link_delete_chunks();

insert into public.movp_collections (name, label, label_plural, workspace_scoped)
values ('share_link', 'Share Link', 'Share Links', true)
on conflict (name) do update set label = excluded.label, label_plural = excluded.label_plural, workspace_scoped = excluded.workspace_scoped;

insert into public.movp_fields (collection_name, name, type, label, cardinality, reporting_role, searchable, embeddable)
values
  ('share_link', 'entity_type', 'text', 'Entity Type', null, null, false, false),
  ('share_link', 'entity_id', 'uuid', 'Entity', null, null, false, false),
  ('share_link', 'token_hash', 'text', 'Token Hash', null, null, false, false),
  ('share_link', 'scope', 'enum', 'Scope', null, null, false, false),
  ('share_link', 'created_by', 'uuid', 'Created By', null, null, false, false),
  ('share_link', 'expires_at', 'datetime', 'Expires At', null, null, false, false)
on conflict (collection_name, name) do update set
  type = excluded.type,
  label = excluded.label,
  cardinality = excluded.cardinality,
  reporting_role = excluded.reporting_role,
  searchable = excluded.searchable,
  embeddable = excluded.embeddable;


create table if not exists public.task_status_option (
  id uuid primary key default gen_random_uuid(),
  workspace_id uuid not null references public.workspace(id) on delete cascade,
  label text not null,
  category text not null check (category in ('backlog', 'active', 'blocked', 'done')),
  color text,
  sort_order numeric,
  is_default boolean,
  is_active boolean,
  created_at timestamptz not null default now(),
  updated_at timestamptz not null default now()
);
alter table public.task_status_option enable row level security;
grant select, insert, update, delete on public.task_status_option to authenticated;
grant select, insert, update, delete on public.task_status_option to service_role;
create policy task_status_option_rw on public.task_status_option for all to authenticated
  using (public.is_workspace_member(workspace_id))
  with check (public.is_workspace_member(workspace_id));



create or replace function public.task_status_option_delete_chunks()
returns trigger
language plpgsql
security definer
set search_path = ''
as $$
begin
  delete from public.search_chunk where source_table = 'task_status_option' and source_id = old.id;
  return old;
end;
$$;
revoke all on function public.task_status_option_delete_chunks() from public, anon, authenticated;

create trigger task_status_option_delete_chunks_tg
  after delete on public.task_status_option
  for each row execute function public.task_status_option_delete_chunks();

insert into public.movp_collections (name, label, label_plural, workspace_scoped)
values ('task_status_option', 'Task Status Option', 'Task Status Options', true)
on conflict (name) do update set label = excluded.label, label_plural = excluded.label_plural, workspace_scoped = excluded.workspace_scoped;

insert into public.movp_fields (collection_name, name, type, label, cardinality, reporting_role, searchable, embeddable)
values
  ('task_status_option', 'label', 'text', 'Label', null, null, false, false),
  ('task_status_option', 'category', 'enum', 'Category', null, 'dimension', false, false),
  ('task_status_option', 'color', 'text', 'Color', null, null, false, false),
  ('task_status_option', 'sort_order', 'number', 'Sort Order', null, null, false, false),
  ('task_status_option', 'is_default', 'boolean', 'Is Default', null, null, false, false),
  ('task_status_option', 'is_active', 'boolean', 'Is Active', null, null, false, false)
on conflict (collection_name, name) do update set
  type = excluded.type,
  label = excluded.label,
  cardinality = excluded.cardinality,
  reporting_role = excluded.reporting_role,
  searchable = excluded.searchable,
  embeddable = excluded.embeddable;


create table if not exists public.task_priority_option (
  id uuid primary key default gen_random_uuid(),
  workspace_id uuid not null references public.workspace(id) on delete cascade,
  label text not null,
  rank numeric not null,
  color text,
  is_default boolean,
  is_active boolean,
  created_at timestamptz not null default now(),
  updated_at timestamptz not null default now()
);
alter table public.task_priority_option enable row level security;
grant select, insert, update, delete on public.task_priority_option to authenticated;
grant select, insert, update, delete on public.task_priority_option to service_role;
create policy task_priority_option_rw on public.task_priority_option for all to authenticated
  using (public.is_workspace_member(workspace_id))
  with check (public.is_workspace_member(workspace_id));



create or replace function public.task_priority_option_delete_chunks()
returns trigger
language plpgsql
security definer
set search_path = ''
as $$
begin
  delete from public.search_chunk where source_table = 'task_priority_option' and source_id = old.id;
  return old;
end;
$$;
revoke all on function public.task_priority_option_delete_chunks() from public, anon, authenticated;

create trigger task_priority_option_delete_chunks_tg
  after delete on public.task_priority_option
  for each row execute function public.task_priority_option_delete_chunks();

insert into public.movp_collections (name, label, label_plural, workspace_scoped)
values ('task_priority_option', 'Task Priority Option', 'Task Priority Options', true)
on conflict (name) do update set label = excluded.label, label_plural = excluded.label_plural, workspace_scoped = excluded.workspace_scoped;

insert into public.movp_fields (collection_name, name, type, label, cardinality, reporting_role, searchable, embeddable)
values
  ('task_priority_option', 'label', 'text', 'Label', null, null, false, false),
  ('task_priority_option', 'rank', 'number', 'Rank', null, null, false, false),
  ('task_priority_option', 'color', 'text', 'Color', null, null, false, false),
  ('task_priority_option', 'is_default', 'boolean', 'Is Default', null, null, false, false),
  ('task_priority_option', 'is_active', 'boolean', 'Is Active', null, null, false, false)
on conflict (collection_name, name) do update set
  type = excluded.type,
  label = excluded.label,
  cardinality = excluded.cardinality,
  reporting_role = excluded.reporting_role,
  searchable = excluded.searchable,
  embeddable = excluded.embeddable;


create table if not exists public.task (
  id uuid primary key default gen_random_uuid(),
  workspace_id uuid not null references public.workspace(id) on delete cascade,
  title text not null,
  start_date date,
  due_date date,
  current_revision_id uuid,
  dependency_blocked boolean,
  completed_at timestamptz,
  due_soon_notified_at timestamptz,
  status_id uuid not null references public.task_status_option(id) on delete cascade,
  priority_id uuid not null references public.task_priority_option(id) on delete cascade,
  parent_id uuid references public.task(id) on delete set null,
  search_vector tsvector,
  created_at timestamptz not null default now(),
  updated_at timestamptz not null default now()
);
alter table public.task enable row level security;
grant select, insert, update, delete on public.task to authenticated;
grant select, insert, update, delete on public.task to service_role;
create policy task_rw on public.task for all to authenticated
  using (public.is_workspace_member(workspace_id))
  with check (public.is_workspace_member(workspace_id));

create or replace function public.task_search_vector_update()
returns trigger
language plpgsql
as $$
begin
  new.search_vector := to_tsvector('english', coalesce(new.title, ''));
  return new;
end;
$$;

create trigger task_search_vector_tg
  before insert or update on public.task
  for each row execute function public.task_search_vector_update();

create index task_search_idx on public.task using gin (search_vector);


create or replace function public.task_delete_chunks()
returns trigger
language plpgsql
security definer
set search_path = ''
as $$
begin
  delete from public.search_chunk where source_table = 'task' and source_id = old.id;
  return old;
end;
$$;
revoke all on function public.task_delete_chunks() from public, anon, authenticated;

create trigger task_delete_chunks_tg
  after delete on public.task
  for each row execute function public.task_delete_chunks();

insert into public.movp_collections (name, label, label_plural, workspace_scoped)
values ('task', 'Task', 'Tasks', true)
on conflict (name) do update set label = excluded.label, label_plural = excluded.label_plural, workspace_scoped = excluded.workspace_scoped;

insert into public.movp_fields (collection_name, name, type, label, cardinality, reporting_role, searchable, embeddable)
values
  ('task', 'title', 'text', 'Title', null, null, true, false),
  ('task', 'status', 'relation', 'Status', 'many-to-one', null, false, false),
  ('task', 'priority', 'relation', 'Priority', 'many-to-one', null, false, false),
  ('task', 'parent', 'relation', 'Parent Task', 'many-to-one', null, false, false),
  ('task', 'start_date', 'date', 'Start Date', null, null, false, false),
  ('task', 'due_date', 'date', 'Due Date', null, null, false, false),
  ('task', 'current_revision_id', 'uuid', 'Current Revision', null, null, false, false),
  ('task', 'dependency_blocked', 'boolean', 'Dependency Blocked', null, null, false, false),
  ('task', 'completed_at', 'datetime', 'Completed At', null, null, false, false),
  ('task', 'due_soon_notified_at', 'datetime', 'Due Soon Notified At', null, null, false, false)
on conflict (collection_name, name) do update set
  type = excluded.type,
  label = excluded.label,
  cardinality = excluded.cardinality,
  reporting_role = excluded.reporting_role,
  searchable = excluded.searchable,
  embeddable = excluded.embeddable;


create table if not exists public.task_revision (
  id uuid primary key default gen_random_uuid(),
  workspace_id uuid not null references public.workspace(id) on delete cascade,
  body text not null,
  content_hash text not null,
  author_id uuid not null,
  task_id uuid not null references public.task(id) on delete cascade,
  search_vector tsvector,
  created_at timestamptz not null default now(),
  updated_at timestamptz not null default now()
);
alter table public.task_revision enable row level security;
grant select, insert, update, delete on public.task_revision to authenticated;
grant select, insert, update, delete on public.task_revision to service_role;
create policy task_revision_rw on public.task_revision for all to authenticated
  using (public.is_workspace_member(workspace_id))
  with check (public.is_workspace_member(workspace_id));

create or replace function public.task_revision_search_vector_update()
returns trigger
language plpgsql
as $$
begin
  new.search_vector := to_tsvector('english', coalesce(new.body, ''));
  return new;
end;
$$;

create trigger task_revision_search_vector_tg
  before insert or update on public.task_revision
  for each row execute function public.task_revision_search_vector_update();

create index task_revision_search_idx on public.task_revision using gin (search_vector);

create or replace function public.task_revision_body_enqueue_embed()
returns trigger
language plpgsql
security definer
set search_path = ''
as $$
declare
  v_hash text;
begin
  v_hash := encode(extensions.digest(coalesce(new.body, ''), 'sha256'), 'hex');
  if tg_op = 'UPDATE' and v_hash = encode(extensions.digest(coalesce(old.body, ''), 'sha256'), 'hex') then
    return new;
  end if;

  insert into movp_internal.movp_jobs (kind, idempotency_key, payload, workspace_id)
  values (
    'embed',
    'task_revision' || ':' || new.id::text || ':body:' || v_hash,
    jsonb_build_object('source_table', 'task_revision', 'source_id', new.id, 'field', 'body', 'content_hash', v_hash),
    new.workspace_id
  )
  on conflict (kind, idempotency_key) do nothing;
  return new;
end;
$$;
revoke all on function public.task_revision_body_enqueue_embed() from public, anon, authenticated;

create trigger task_revision_body_enqueue_embed_tg
  after insert or update on public.task_revision
  for each row execute function public.task_revision_body_enqueue_embed();

create or replace function public.task_revision_delete_chunks()
returns trigger
language plpgsql
security definer
set search_path = ''
as $$
begin
  delete from public.search_chunk where source_table = 'task_revision' and source_id = old.id;
  return old;
end;
$$;
revoke all on function public.task_revision_delete_chunks() from public, anon, authenticated;

create trigger task_revision_delete_chunks_tg
  after delete on public.task_revision
  for each row execute function public.task_revision_delete_chunks();

insert into public.movp_collections (name, label, label_plural, workspace_scoped)
values ('task_revision', 'Task Revision', 'Task Revisions', true)
on conflict (name) do update set label = excluded.label, label_plural = excluded.label_plural, workspace_scoped = excluded.workspace_scoped;

insert into public.movp_fields (collection_name, name, type, label, cardinality, reporting_role, searchable, embeddable)
values
  ('task_revision', 'task', 'relation', 'Task', 'many-to-one', null, false, false),
  ('task_revision', 'body', 'richText', 'Body', null, null, true, true),
  ('task_revision', 'content_hash', 'text', 'Content Hash', null, null, false, false),
  ('task_revision', 'author_id', 'uuid', 'Author', null, null, false, false)
on conflict (collection_name, name) do update set
  type = excluded.type,
  label = excluded.label,
  cardinality = excluded.cardinality,
  reporting_role = excluded.reporting_role,
  searchable = excluded.searchable,
  embeddable = excluded.embeddable;


create table if not exists public.task_assignment (
  id uuid primary key default gen_random_uuid(),
  workspace_id uuid not null references public.workspace(id) on delete cascade,
  assignee_user_id uuid not null,
  role text not null default 'owner' check (role in ('owner')),
  task_id uuid not null references public.task(id) on delete cascade,
  created_at timestamptz not null default now(),
  updated_at timestamptz not null default now()
);
alter table public.task_assignment enable row level security;
grant select, insert, update, delete on public.task_assignment to authenticated;
grant select, insert, update, delete on public.task_assignment to service_role;
create policy task_assignment_rw on public.task_assignment for all to authenticated
  using (public.is_workspace_member(workspace_id))
  with check (public.is_workspace_member(workspace_id));



create or replace function public.task_assignment_delete_chunks()
returns trigger
language plpgsql
security definer
set search_path = ''
as $$
begin
  delete from public.search_chunk where source_table = 'task_assignment' and source_id = old.id;
  return old;
end;
$$;
revoke all on function public.task_assignment_delete_chunks() from public, anon, authenticated;

create trigger task_assignment_delete_chunks_tg
  after delete on public.task_assignment
  for each row execute function public.task_assignment_delete_chunks();

insert into public.movp_collections (name, label, label_plural, workspace_scoped)
values ('task_assignment', 'Task Assignment', 'Task Assignments', true)
on conflict (name) do update set label = excluded.label, label_plural = excluded.label_plural, workspace_scoped = excluded.workspace_scoped;

insert into public.movp_fields (collection_name, name, type, label, cardinality, reporting_role, searchable, embeddable)
values
  ('task_assignment', 'task', 'relation', 'Task', 'many-to-one', null, false, false),
  ('task_assignment', 'assignee_user_id', 'uuid', 'Assignee', null, null, false, false),
  ('task_assignment', 'role', 'enum', 'Role', null, null, false, false)
on conflict (collection_name, name) do update set
  type = excluded.type,
  label = excluded.label,
  cardinality = excluded.cardinality,
  reporting_role = excluded.reporting_role,
  searchable = excluded.searchable,
  embeddable = excluded.embeddable;


create table if not exists public.task_observer (
  id uuid primary key default gen_random_uuid(),
  workspace_id uuid not null references public.workspace(id) on delete cascade,
  observer_user_id uuid not null,
  task_id uuid not null references public.task(id) on delete cascade,
  created_at timestamptz not null default now(),
  updated_at timestamptz not null default now()
);
alter table public.task_observer enable row level security;
grant select, insert, update, delete on public.task_observer to authenticated;
grant select, insert, update, delete on public.task_observer to service_role;
create policy task_observer_rw on public.task_observer for all to authenticated
  using (public.is_workspace_member(workspace_id))
  with check (public.is_workspace_member(workspace_id));



create or replace function public.task_observer_delete_chunks()
returns trigger
language plpgsql
security definer
set search_path = ''
as $$
begin
  delete from public.search_chunk where source_table = 'task_observer' and source_id = old.id;
  return old;
end;
$$;
revoke all on function public.task_observer_delete_chunks() from public, anon, authenticated;

create trigger task_observer_delete_chunks_tg
  after delete on public.task_observer
  for each row execute function public.task_observer_delete_chunks();

insert into public.movp_collections (name, label, label_plural, workspace_scoped)
values ('task_observer', 'Task Observer', 'Task Observers', true)
on conflict (name) do update set label = excluded.label, label_plural = excluded.label_plural, workspace_scoped = excluded.workspace_scoped;

insert into public.movp_fields (collection_name, name, type, label, cardinality, reporting_role, searchable, embeddable)
values
  ('task_observer', 'task', 'relation', 'Task', 'many-to-one', null, false, false),
  ('task_observer', 'observer_user_id', 'uuid', 'Observer', null, null, false, false)
on conflict (collection_name, name) do update set
  type = excluded.type,
  label = excluded.label,
  cardinality = excluded.cardinality,
  reporting_role = excluded.reporting_role,
  searchable = excluded.searchable,
  embeddable = excluded.embeddable;


create table if not exists public.task_dependency (
  id uuid primary key default gen_random_uuid(),
  workspace_id uuid not null references public.workspace(id) on delete cascade,
  task_id uuid not null references public.task(id) on delete cascade,
  blocker_id uuid not null references public.task(id) on delete cascade,
  created_at timestamptz not null default now(),
  updated_at timestamptz not null default now()
);
alter table public.task_dependency enable row level security;
grant select, insert, update, delete on public.task_dependency to authenticated;
grant select, insert, update, delete on public.task_dependency to service_role;
create policy task_dependency_rw on public.task_dependency for all to authenticated
  using (public.is_workspace_member(workspace_id))
  with check (public.is_workspace_member(workspace_id));



create or replace function public.task_dependency_delete_chunks()
returns trigger
language plpgsql
security definer
set search_path = ''
as $$
begin
  delete from public.search_chunk where source_table = 'task_dependency' and source_id = old.id;
  return old;
end;
$$;
revoke all on function public.task_dependency_delete_chunks() from public, anon, authenticated;

create trigger task_dependency_delete_chunks_tg
  after delete on public.task_dependency
  for each row execute function public.task_dependency_delete_chunks();

insert into public.movp_collections (name, label, label_plural, workspace_scoped)
values ('task_dependency', 'Task Dependency', 'Task Dependencies', true)
on conflict (name) do update set label = excluded.label, label_plural = excluded.label_plural, workspace_scoped = excluded.workspace_scoped;

insert into public.movp_fields (collection_name, name, type, label, cardinality, reporting_role, searchable, embeddable)
values
  ('task_dependency', 'task', 'relation', 'Task', 'many-to-one', null, false, false),
  ('task_dependency', 'blocker', 'relation', 'Blocker', 'many-to-one', null, false, false)
on conflict (collection_name, name) do update set
  type = excluded.type,
  label = excluded.label,
  cardinality = excluded.cardinality,
  reporting_role = excluded.reporting_role,
  searchable = excluded.searchable,
  embeddable = excluded.embeddable;


create table if not exists public.task_status_history (
  id uuid primary key default gen_random_uuid(),
  workspace_id uuid not null references public.workspace(id) on delete cascade,
  from_status_id uuid,
  to_status_id uuid not null,
  changed_by uuid not null,
  task_id uuid not null references public.task(id) on delete cascade,
  created_at timestamptz not null default now(),
  updated_at timestamptz not null default now()
);
alter table public.task_status_history enable row level security;
grant select, insert, update, delete on public.task_status_history to authenticated;
grant select, insert, update, delete on public.task_status_history to service_role;
create policy task_status_history_rw on public.task_status_history for all to authenticated
  using (public.is_workspace_member(workspace_id))
  with check (public.is_workspace_member(workspace_id));



create or replace function public.task_status_history_delete_chunks()
returns trigger
language plpgsql
security definer
set search_path = ''
as $$
begin
  delete from public.search_chunk where source_table = 'task_status_history' and source_id = old.id;
  return old;
end;
$$;
revoke all on function public.task_status_history_delete_chunks() from public, anon, authenticated;

create trigger task_status_history_delete_chunks_tg
  after delete on public.task_status_history
  for each row execute function public.task_status_history_delete_chunks();

insert into public.movp_collections (name, label, label_plural, workspace_scoped)
values ('task_status_history', 'Task Status History', 'Task Status History', true)
on conflict (name) do update set label = excluded.label, label_plural = excluded.label_plural, workspace_scoped = excluded.workspace_scoped;

insert into public.movp_fields (collection_name, name, type, label, cardinality, reporting_role, searchable, embeddable)
values
  ('task_status_history', 'task', 'relation', 'Task', 'many-to-one', null, false, false),
  ('task_status_history', 'from_status_id', 'uuid', 'From Status', null, null, false, false),
  ('task_status_history', 'to_status_id', 'uuid', 'To Status', null, null, false, false),
  ('task_status_history', 'changed_by', 'uuid', 'Changed By', null, null, false, false)
on conflict (collection_name, name) do update set
  type = excluded.type,
  label = excluded.label,
  cardinality = excluded.cardinality,
  reporting_role = excluded.reporting_role,
  searchable = excluded.searchable,
  embeddable = excluded.embeddable;


create table if not exists public.task_attachment (
  id uuid primary key default gen_random_uuid(),
  workspace_id uuid not null references public.workspace(id) on delete cascade,
  r2_key text not null,
  filename text not null,
  content_type text,
  bytes numeric,
  uploaded_by uuid not null,
  task_id uuid not null references public.task(id) on delete cascade,
  created_at timestamptz not null default now(),
  updated_at timestamptz not null default now()
);
alter table public.task_attachment enable row level security;
grant select, insert, update, delete on public.task_attachment to authenticated;
grant select, insert, update, delete on public.task_attachment to service_role;
create policy task_attachment_rw on public.task_attachment for all to authenticated
  using (public.is_workspace_member(workspace_id))
  with check (public.is_workspace_member(workspace_id));



create or replace function public.task_attachment_delete_chunks()
returns trigger
language plpgsql
security definer
set search_path = ''
as $$
begin
  delete from public.search_chunk where source_table = 'task_attachment' and source_id = old.id;
  return old;
end;
$$;
revoke all on function public.task_attachment_delete_chunks() from public, anon, authenticated;

create trigger task_attachment_delete_chunks_tg
  after delete on public.task_attachment
  for each row execute function public.task_attachment_delete_chunks();

insert into public.movp_collections (name, label, label_plural, workspace_scoped)
values ('task_attachment', 'Task Attachment', 'Task Attachments', true)
on conflict (name) do update set label = excluded.label, label_plural = excluded.label_plural, workspace_scoped = excluded.workspace_scoped;

insert into public.movp_fields (collection_name, name, type, label, cardinality, reporting_role, searchable, embeddable)
values
  ('task_attachment', 'task', 'relation', 'Task', 'many-to-one', null, false, false),
  ('task_attachment', 'r2_key', 'text', 'R2 Key', null, null, false, false),
  ('task_attachment', 'filename', 'text', 'Filename', null, null, false, false),
  ('task_attachment', 'content_type', 'text', 'Content Type', null, null, false, false),
  ('task_attachment', 'bytes', 'number', 'Bytes', null, null, false, false),
  ('task_attachment', 'uploaded_by', 'uuid', 'Uploaded By', null, null, false, false)
on conflict (collection_name, name) do update set
  type = excluded.type,
  label = excluded.label,
  cardinality = excluded.cardinality,
  reporting_role = excluded.reporting_role,
  searchable = excluded.searchable,
  embeddable = excluded.embeddable;
